pulse_us,angle_deg,valid
1483,89.033,1
1482,88.945,1
1481,88.945,1
1480,89.033,1
1479,88.857,1
1478,88.682,1
1477,88.506,1
1476,88.506,1
1475,88.506,1
1474,88.506,1
1473,88.506,1
1472,88.506,1
1471,88.242,1
1470,88.066,1
1469,87.891,1
1468,87.891,1
1467,87.803,1
1466,87.803,1
1465,87.803,1
1464,87.803,1
1463,87.539,1
1462,87.275,1
1461,87.187,1
1460,87.187,1
1459,87.012,1
1458,86.836,1
1457,86.836,1
1456,86.836,1
1455,86.660,1
1454,86.484,1
1453,86.309,1
1452,86.309,1
1451,86.221,1
1450,86.309,1
1449,86.309,1
1448,86.309,1
1447,86.221,1
1446,85.957,1
1445,85.869,1
1444,85.781,1
1443,85.781,1
1442,85.781,1
1441,85.781,1
1440,85.781,1
1439,85.781,1
1438,85.518,1
1437,85.254,1
1436,85.078,1
1435,85.078,1
1434,84.990,1
1433,84.902,1
1432,84.902,1
1431,84.814,1
1430,84.727,1
1429,84.463,1
1428,84.375,1
1427,84.375,1
1426,84.375,1
1425,84.111,1
1424,84.023,1
1423,84.023,1
1422,83.848,1
1421,83.848,1
1420,83.936,1
1419,83.760,1
1418,83.584,1
1417,83.408,1
1416,83.232,1
1415,83.232,1
1414,83.232,1
1413,83.145,1
1412,82.969,1
1411,82.969,1
1410,82.969,1
1409,82.881,1
1408,82.705,1
1407,82.529,1
1406,82.529,1
1405,82.441,1
1404,82.266,1
1403,82.178,1
1402,82.090,1
1401,82.090,1
1400,82.090,1
1399,82.090,1
1398,81.914,1
1397,81.738,1
1396,81.650,1
1395,81.650,1
1394,81.650,1
1393,81.650,1
1392,81.563,1
1391,81.387,1
1390,81.299,1
1389,81.211,1
1388,80.947,1
1387,80.684,1
1386,80.684,1
1385,80.596,1
1384,80.508,1
1383,80.332,1
1382,80.332,1
1381,80.332,1
1380,80.244,1
1379,80.068,1
1378,80.068,1
1377,80.068,1
1376,80.068,1
1375,79.805,1
1374,79.717,1
1373,79.629,1
1372,79.629,1
1371,79.541,1
1370,79.365,1
1369,79.365,1
1368,79.365,1
1367,79.365,1
1366,79.189,1
1365,79.014,1
1364,78.750,1
1363,78.662,1
1362,78.662,1
1361,78.486,1
1360,78.398,1
1359,78.398,1
1358,78.398,1
1357,78.311,1
1356,78.135,1
1355,78.047,1
1354,77.871,1
1353,77.607,1
1352,77.607,1
1351,77.695,1
1350,77.695,1
1349,77.607,1
1348,77.344,1
1347,77.256,1
1346,77.256,1
1345,77.168,1
1344,76.992,1
1343,76.992,1
1342,76.992,1
1341,76.904,1
1340,76.729,1
1339,76.641,1
1338,76.641,1
1337,76.465,1
1336,76.289,1
1335,76.113,1
1334,76.113,1
1333,76.113,1
1332,76.113,1
1331,76.113,1
1330,76.025,1
1329,75.850,1
1328,75.586,1
1327,75.498,1
1326,75.410,1
1325,75.410,1
1324,75.322,1
1323,75.059,1
1322,75.059,1
1321,75.146,1
1320,75.146,1
1319,74.795,1
1318,74.619,1
1317,74.619,1
1316,74.619,1
1315,74.619,1
1314,74.619,1
1313,74.619,1
1312,74.531,1
1311,74.268,1
1310,74.180,1
1309,74.092,1
1308,74.004,1
1307,73.916,1
1306,73.916,1
1305,73.916,1
1304,73.916,1
1303,73.740,1
1302,73.564,1
1301,73.477,1
1300,73.477,1
1299,73.389,1
1298,73.213,1
1297,73.213,1
1296,73.213,1
1295,73.213,1
1294,72.949,1
1293,72.686,1
1292,72.686,1
1291,72.598,1
1290,72.422,1
1289,72.334,1
1288,72.246,1
1287,72.246,1
1286,72.158,1
1285,71.982,1
1284,71.895,1
1283,71.895,1
1282,71.807,1
1281,71.543,1
1280,71.543,1
1279,71.543,1
1278,71.455,1
1277,71.455,1
1276,71.455,1
1275,71.455,1
1274,71.279,1
1273,71.016,1
1272,70.752,1
1271,70.752,1
1270,70.664,1
1269,70.488,1
1268,70.400,1
1267,70.313,1
1266,70.313,1
1265,70.313,1
1264,70.313,1
1263,70.313,1
1262,70.225,1
1261,70.137,1
1260,69.961,1
1259,69.785,1
1258,69.873,1
1257,69.697,1
1256,69.521,1
1255,69.346,1
1254,69.346,1
1253,69.346,1
1252,69.346,1
1251,69.346,1
1250,69.346,1
1249,69.346,1
1248,69.082,1
1247,68.730,1
1246,68.467,1
1245,68.379,1
1244,68.203,1
1243,68.203,1
1242,68.203,1
1241,68.115,1
1240,68.027,1
1239,67.764,1
1238,67.676,1
1237,67.764,1
1236,67.764,1
1235,67.676,1
1234,67.764,1
1233,67.764,1
1232,67.764,1
1231,67.588,1
1230,67.324,1
1229,66.973,1
1228,66.797,1
1227,66.621,1
1226,66.445,1
1225,66.533,1
1224,66.533,1
1223,66.445,1
1222,66.270,1
1221,66.270,1
1220,66.270,1
1219,66.182,1
1218,66.006,1
1217,65.918,1
1216,66.006,1
1215,66.006,1
1214,65.830,1
1213,65.742,1
1212,65.830,1
1211,65.830,1
1210,65.654,1
1209,65.303,1
1208,65.127,1
1207,65.039,1
1206,65.127,1
1205,64.951,1
1204,64.775,1
1203,64.600,1
1202,64.512,1
1201,64.424,1
1200,64.336,1
1199,64.248,1
1198,64.248,1
1197,64.160,1
1196,64.072,1
1195,63.984,1
1194,63.721,1
1193,63.457,1
1192,63.369,1
1191,63.369,1
1190,63.369,1
1189,63.369,1
1188,63.369,1
1187,63.369,1
1186,63.281,1
1185,63.105,1
1184,62.842,1
1183,62.754,1
1182,62.666,1
1181,62.578,1
1180,62.666,1
1179,62.666,1
1178,62.578,1
1177,62.227,1
1176,62.051,1
1175,61.875,1
1174,61.699,1
1173,61.611,1
1172,61.523,1
1171,61.523,1
1170,61.523,1
1169,61.436,1
1168,61.436,1
1167,61.436,1
1166,61.436,1
1165,61.172,1
1164,60.908,1
1163,60.820,1
1162,60.645,1
1161,60.469,1
1160,60.557,1
1159,60.557,1
1158,60.381,1
1157,60.117,1
1156,59.941,1
1155,59.941,1
1154,59.766,1
1153,59.502,1
1152,59.502,1
1151,59.590,1
1150,59.590,1
1149,59.590,1
1148,59.590,1
1147,59.502,1
1146,59.150,1
1145,58.975,1
1144,58.887,1
1143,58.887,1
1142,58.887,1
1141,58.711,1
1140,58.535,1
1139,58.535,1
1138,58.535,1
1137,58.447,1
1136,58.271,1
1135,58.096,1
1134,58.096,1
1133,58.008,1
1132,57.832,1
1131,57.656,1
1130,57.656,1
1129,57.568,1
1128,57.305,1
1127,57.129,1
1126,56.953,1
1125,56.953,1
1124,56.953,1
1123,56.953,1
1122,56.953,1
1121,56.953,1
1120,56.689,1
1119,56.514,1
1118,56.426,1
1117,56.514,1
1116,56.514,1
1115,56.338,1
1114,56.162,1
1113,56.074,1
1112,55.986,1
1111,55.986,1
1110,55.986,1
1109,55.898,1
1108,55.547,1
1107,55.283,1
1106,55.107,1
1105,54.844,1
1104,54.756,1
1103,54.756,1
1102,54.756,1
1101,54.668,1
1100,54.492,1
1099,54.580,1
1098,54.580,1
1097,54.492,1
1096,54.229,1
1095,53.965,1
1094,53.877,1
1093,53.789,1
1092,53.613,1
1091,53.437,1
1090,53.437,1
1089,53.437,1
1088,53.350,1
1087,53.262,1
1086,53.174,1
1085,53.174,1
1084,53.174,1
1083,52.998,1
1082,52.910,1
1081,52.822,1
1080,52.646,1
1079,52.383,1
1078,52.207,1
1077,52.119,1
1076,52.119,1
1075,52.119,1
1074,52.119,1
1073,52.119,1
1072,51.855,1
1071,51.592,1
1070,51.504,1
1069,51.504,1
1068,51.416,1
1067,51.240,1
1066,51.240,1
1065,51.240,1
1064,51.240,1
1063,51.152,1
1062,50.889,1
1061,50.801,1
1060,50.713,1
1059,50.625,1
1058,50.449,1
1057,50.449,1
1056,50.449,1
1055,50.537,1
1054,50.361,1
1053,50.010,1
1052,49.834,1
1051,49.746,1
1050,49.746,1
1049,49.570,1
1048,49.395,1
1047,49.307,1
1046,49.307,1
1045,49.307,1
1044,49.307,1
1043,49.307,1
1042,49.131,1
1041,48.867,1
1040,48.691,1
1039,48.604,1
1038,48.428,1
1037,48.340,1
1036,48.340,1
1035,48.340,1
1034,48.340,1
1033,48.252,1
1032,47.988,1
1031,47.812,1
1030,47.637,1
1029,47.637,1
1028,47.637,1
1027,47.637,1
1026,47.549,1
1025,47.461,1
1024,47.109,1
1023,46.934,1
1022,46.846,1
1021,46.758,1
1020,46.582,1
1019,46.406,1
1018,46.406,1
1017,46.406,1
1016,46.318,1
1015,46.143,1
1014,46.143,1
1013,46.143,1
1012,45.967,1
1011,45.879,1
1010,45.967,1
1009,45.967,1
1008,45.791,1
1007,45.615,1
1006,45.439,1
1005,45.439,1
1004,45.264,1
1003,45.088,1
1002,45.088,1
1001,45.000,1
1000,45.000,1
999,44.824,1
998,44.648,1
997,44.473,1
996,44.561,1
995,44.473,1
994,44.209,1
993,43.945,1
992,43.857,1
991,43.770,1
990,43.770,1
989,43.770,1
988,43.770,1
987,43.770,1
986,43.594,1
985,43.242,1
984,42.891,1
983,42.803,1
982,42.803,1
981,42.891,1
980,42.803,1
979,42.715,1
978,42.451,1
977,42.363,1
976,42.363,1
975,42.363,1
974,42.363,1
973,42.363,1
972,42.363,1
971,42.100,1
970,41.836,1
969,41.748,1
968,41.660,1
967,41.572,1
966,41.484,1
965,41.396,1
964,41.396,1
963,41.133,1
962,40.869,1
961,40.693,1
960,40.693,1
959,40.693,1
958,40.605,1
957,40.693,1
956,40.781,1
955,40.693,1
954,40.605,1
953,40.342,1
952,39.990,1
951,39.902,1
950,39.814,1
949,39.727,1
948,39.727,1
947,39.727,1
946,39.551,1
945,39.375,1
944,39.375,1
943,39.463,1
942,39.463,1
941,39.199,1
940,39.023,1
939,38.936,1
938,38.936,1
937,39.023,1
936,39.023,1
935,39.023,1
934,38.848,1
933,38.408,1
932,38.145,1
931,37.969,1
930,37.969,1
929,37.793,1
928,37.617,1
927,37.529,1
926,37.529,1
925,37.529,1
924,37.529,1
923,37.529,1
922,37.529,1
921,37.441,1
920,37.178,1
919,37.002,1
918,36.826,1
917,36.738,1
916,36.475,1
915,36.299,1
914,36.387,1
913,36.299,1
912,36.035,1
911,35.859,1
910,35.859,1
909,35.859,1
908,35.859,1
907,35.859,1
906,35.859,1
905,35.684,1
904,35.508,1
903,35.420,1
902,35.420,1
901,35.244,1
900,34.980,1
899,34.980,1
898,34.980,1
897,34.805,1
896,34.541,1
895,34.453,1
894,34.453,1
893,34.453,1
892,34.453,1
891,34.453,1
890,34.453,1
889,34.102,1
888,33.926,1
887,33.926,1
886,33.926,1
885,33.838,1
884,33.574,1
883,33.311,1
882,33.223,1
881,33.223,1
880,33.311,1
879,33.135,1
878,32.959,1
877,32.871,1
876,32.783,1
875,32.695,1
874,32.695,1
873,32.695,1
872,32.695,1
871,32.520,1
870,32.256,1
869,32.080,1
868,32.080,1
867,32.080,1
866,32.080,1
865,31.816,1
864,31.729,1
863,31.641,1
862,31.465,1
861,31.201,1
860,31.025,1
859,31.113,1
858,31.113,1
857,31.113,1
856,31.025,1
855,30.762,1
854,30.674,1
853,30.674,1
852,30.674,1
851,30.674,1
850,30.674,1
849,30.410,1
848,30.146,1
847,29.971,1
846,29.971,1
845,29.971,1
844,29.883,1
843,29.707,1
842,29.707,1
841,29.707,1
840,29.531,1
839,29.355,1
838,29.355,1
837,29.180,1
836,29.004,1
835,28.828,1
834,28.740,1
833,28.740,1
832,28.564,1
831,28.477,1
830,28.564,1
829,28.564,1
828,28.389,1
827,28.037,1
826,27.861,1
825,27.773,1
824,27.773,1
823,27.773,1
822,27.773,1
821,27.510,1
820,27.334,1
819,27.334,1
818,27.334,1
817,27.246,1
816,27.070,1
815,26.982,1
814,26.982,1
813,26.982,1
812,26.982,1
811,26.719,1
810,26.631,1
809,26.631,1
808,26.543,1
807,26.279,1
806,26.279,1
805,26.367,1
804,26.191,1
803,26.104,1
802,26.016,1
801,25.840,1
800,25.752,1
799,25.664,1
798,25.664,1
797,25.664,1
796,25.400,1
795,25.225,1
794,25.225,1
793,25.225,1
792,25.137,1
791,25.225,1
790,25.225,1
789,25.225,1
788,24.961,1
787,24.697,1
786,24.521,1
785,24.434,1
784,24.434,1
783,24.434,1
782,24.521,1
781,24.346,1
780,24.082,1
779,23.994,1
778,24.082,1
777,23.994,1
776,23.730,1
775,23.467,1
774,23.203,1
773,22.939,1
772,22.676,1
771,22.500,1
770,22.412,1
769,22.412,1
768,22.412,1
767,22.412,1
766,22.412,1
765,22.412,1
764,22.412,1
763,22.412,1
762,22.412,1
761,22.412,1
760,22.236,1
759,21.973,1
758,21.885,1
757,21.973,1
756,21.973,1
755,21.973,1
754,21.885,1
753,21.973,1
752,21.885,1
751,21.533,1
750,21.182,1
749,20.918,1
748,20.742,1
747,20.742,1
746,20.742,1
745,20.742,1
744,20.742,1
743,20.654,1
742,20.391,1
741,20.215,1
740,20.215,1
739,20.215,1
738,20.039,1
737,19.951,1
736,19.863,1
735,19.775,1
734,19.512,1
733,19.600,1
732,19.600,1
731,19.600,1
730,19.512,1
729,19.336,1
728,19.072,1
727,18.809,1
726,18.545,1
725,18.369,1
724,18.369,1
723,18.369,1
722,18.369,1
721,18.369,1
720,18.369,1
719,18.369,1
718,18.369,1
717,18.018,1
716,17.930,1
715,17.930,1
714,17.930,1
713,17.930,1
712,17.842,1
711,17.578,1
710,17.227,1
709,17.051,1
708,16.963,1
707,16.963,1
706,16.963,1
705,16.963,1
704,16.963,1
703,16.875,1
702,16.699,1
701,16.523,1
700,16.260,1
699,16.084,1
698,16.084,1
697,16.084,1
696,16.084,1
695,15.908,1
694,15.645,1
693,15.469,1
692,15.381,1
691,15.381,1
690,15.117,1
689,14.941,1
688,14.941,1
687,14.941,1
686,14.854,1
685,14.941,1
684,14.854,1
683,14.502,1
682,14.326,1
681,14.326,1
680,14.414,1
679,14.414,1
678,14.238,1
677,13.975,1
676,13.887,1
675,13.975,1
674,13.887,1
673,13.623,1
672,13.623,1
671,13.535,1
670,13.447,1
669,13.447,1
668,13.535,1
667,13.447,1
666,13.271,1
665,13.008,1
664,12.920,1
663,12.920,1
662,12.920,1
661,12.656,1
660,12.393,1
659,12.305,1
658,12.129,1
657,11.953,1
656,11.777,1
655,11.777,1
654,11.865,1
653,11.777,1
652,11.602,1
651,11.602,1
650,11.602,1
649,11.338,1
648,11.250,1
647,11.162,1
646,11.162,1
645,10.986,1
644,10.811,1
643,10.811,1
642,10.898,1
641,10.898,1
640,10.811,1
639,10.547,1
638,10.283,1
637,10.107,1
636,9.932,1
635,9.932,1
634,9.932,1
633,9.932,1
632,9.844,1
631,9.668,1
630,9.668,1
629,9.668,1
628,9.404,1
627,9.229,1
626,9.141,1
625,9.229,1
624,9.229,1
623,9.053,1
622,8.789,1
621,8.613,1
620,8.613,1
619,8.613,1
618,8.613,1
617,8.613,1
616,8.525,1
615,8.262,1
614,7.998,1
613,7.734,1
612,7.559,1
611,7.559,1
610,7.559,1
609,7.559,1
608,7.646,1
607,7.559,1
606,7.471,1
605,7.295,1
604,7.207,1
603,7.119,1
602,6.943,1
601,6.855,1
600,6.855,1
599,6.943,1
598,6.855,1
597,6.592,1
596,6.328,1
595,6.152,1
594,5.977,1
593,5.889,1
592,5.977,1
591,5.977,1
590,5.801,1
589,5.625,1
588,5.537,1
587,5.537,1
586,5.449,1
585,5.273,1
584,5.010,1
583,5.010,1
582,4.922,1
581,4.746,1
580,4.834,1
579,4.834,1
578,4.746,1
577,4.570,1
576,4.570,1
575,4.570,1
574,4.395,1
573,4.131,1
572,4.043,1
571,4.131,1
570,4.043,1
569,3.779,1
568,3.516,1
567,3.164,1
566,2.900,1
565,2.813,1
564,2.725,1
563,2.725,1
562,2.725,1
561,2.725,1
560,2.725,1
559,2.725,1
558,2.637,1
557,2.461,1
556,2.373,1
555,2.285,1
554,2.197,1
553,2.021,1
552,2.021,1
551,2.021,1
550,1.934,1
549,1.758,1
548,1.670,1
547,1.758,1
546,1.670,1
545,1.406,1
544,1.230,1
543,1.230,1
542,1.055,1
541,1.055,1
540,1.055,1
539,1.055,1
538,0.879,1
537,0.615,1
536,0.352,1
535,0.352,1
534,0.264,1
533,0.088,1
532,0.088,1
531,0.088,1
530,0.088,1
529,-0.176,1
528,-0.439,1
527,-0.527,1
526,-0.615,1
525,-0.791,1
524,-0.791,1
523,-0.791,1
522,-0.791,1
521,-0.967,1
520,-1.143,1
519,-1.230,1
518,-1.230,1
517,-1.230,1
516,-1.318,1
515,-1.582,1
514,-1.758,1
513,-1.758,1
512,-1.758,1
511,-1.758,1
510,-1.758,1
509,-1.846,1
508,-2.197,1
507,-2.461,1
506,-2.637,1
505,-2.725,1
504,-2.813,1
503,-2.813,1
502,-2.813,1
501,-2.900,1
500,-3.076,1
499,-3.340,1
498,-3.340,1
497,-3.252,1
496,-3.516,1
495,-3.779,1
494,-3.779,1
493,-3.779,1
492,-3.779,1
491,-3.779,1
490,-3.779,1
489,-3.779,1
488,-3.867,1
487,-4.131,1
486,-4.395,1
485,-4.395,1
484,-4.570,1
483,-4.746,1
482,-4.658,1
481,-4.658,1
480,-4.658,1
479,-4.834,1
478,-5.010,1
477,-5.186,1
476,-5.186,1
475,-5.361,1
474,-5.537,1
473,-5.625,1
472,-5.537,1
471,-5.713,1
470,-5.889,1
469,-6.064,1
468,-6.064,1
467,-6.152,1
466,-6.328,1
465,-6.504,1
464,-6.592,1
463,-6.592,1
462,-6.768,1
461,-6.855,1
460,-6.943,1
459,-7.031,1
458,-7.207,1
457,-7.207,1
456,-7.207,1
455,-7.383,1
454,-7.646,1
453,-7.910,1
452,-7.910,1
451,-7.910,1
450,-7.998,1
449,-8.174,1
448,-8.262,1
447,-8.350,1
446,-8.262,1
445,-8.262,1
444,-8.438,1
443,-8.701,1
442,-8.789,1
441,-8.789,1
440,-8.877,1
439,-9.053,1
438,-9.229,1
437,-9.229,1
436,-9.316,1
435,-9.492,1
434,-9.668,1
433,-9.668,1
432,-9.668,1
431,-9.756,1
430,-9.932,1
429,-10.107,1
428,-10.107,1
427,-10.195,1
426,-10.371,1
425,-10.459,1
424,-10.371,1
423,-10.371,1
422,-10.547,1
421,-10.811,1
420,-11.074,1
419,-11.074,1
418,-11.074,1
417,-11.250,1
416,-11.426,1
415,-11.514,1
414,-11.689,1
413,-11.777,1
412,-11.777,1
411,-11.689,1
410,-11.777,1
409,-11.865,1
408,-12.041,1
407,-12.217,1
406,-12.217,1
405,-12.217,1
404,-12.217,1
403,-12.217,1
402,-12.217,1
401,-12.480,1
400,-12.744,1
399,-12.832,1
398,-12.832,1
397,-13.008,1
396,-13.184,1
395,-13.184,1
394,-13.184,1
393,-13.447,1
392,-13.711,1
391,-13.975,1
390,-14.150,1
389,-14.063,1
388,-14.063,1
387,-14.063,1
386,-14.063,1
385,-14.150,1
384,-14.414,1
383,-14.678,1
382,-14.766,1
381,-14.766,1
380,-14.941,1
379,-15.029,1
378,-15.029,1
377,-15.029,1
376,-14.941,1
375,-15.117,1
374,-15.381,1
373,-15.469,1
372,-15.469,1
371,-15.732,1
370,-15.820,1
369,-15.908,1
368,-15.908,1
367,-16.084,1
366,-16.348,1
365,-16.611,1
364,-16.699,1
363,-16.611,1
362,-16.611,1
361,-16.611,1
360,-16.611,1
359,-16.699,1
358,-16.963,1
357,-17.314,1
356,-17.402,1
355,-17.314,1
354,-17.402,1
353,-17.578,1
352,-17.754,1
351,-17.754,1
350,-17.754,1
349,-17.842,1
348,-18.018,1
347,-18.281,1
346,-18.457,1
345,-18.457,1
344,-18.457,1
343,-18.457,1
342,-18.457,1
341,-18.457,1
340,-18.457,1
339,-18.457,1
338,-18.457,1
337,-18.457,1
336,-18.457,1
335,-18.457,1
334,-18.457,1
333,-18.457,1
332,-18.457,1
331,-18.457,1
330,-18.457,1
329,-18.457,1
1501,90.088,1
1502,90.088,1
1503,90.000,1
1504,90.000,1
1505,90.088,1
1506,90.264,1
1507,90.264,1
1508,90.264,1
1509,90.264,1
1510,90.527,1
1511,90.791,1
1512,90.879,1
1513,90.879,1
1514,90.879,1
1515,91.055,1
1516,91.055,1
1517,91.143,1
1518,91.143,1
1519,91.406,1
1520,91.582,1
1521,91.670,1
1522,91.582,1
1523,91.846,1
1524,92.021,1
1525,92.109,1
1526,92.021,1
1527,92.109,1
1528,92.021,1
1529,92.021,1
1530,92.197,1
1531,92.373,1
1532,92.549,1
1533,92.725,1
1534,92.812,1
1535,92.725,1
1536,92.725,1
1537,92.725,1
1538,92.812,1
1539,92.725,1
1540,92.812,1
1541,92.988,1
1542,93.164,1
1543,93.252,1
1544,93.252,1
1545,93.516,1
1546,94.043,1
1547,94.307,1
1548,94.219,1
1549,94.219,1
1550,94.219,1
1551,94.219,1
1552,94.219,1
1553,94.219,1
1554,94.219,1
1555,94.219,1
1556,94.395,1
1557,94.570,1
1558,94.658,1
1559,94.658,1
1560,94.658,1
1561,94.658,1
1562,94.658,1
1563,94.746,1
1564,95.010,1
1565,95.273,1
1566,95.449,1
1567,95.361,1
1568,95.361,1
1569,95.537,1
1570,95.713,1
1571,95.801,1
1572,96.064,1
1573,96.416,1
1574,96.592,1
1575,96.592,1
1576,96.504,1
1577,96.504,1
1578,96.504,1
1579,96.592,1
1580,96.680,1
1581,96.680,1
1582,96.680,1
1583,96.680,1
1584,96.680,1
1585,96.680,1
1586,96.680,1
1587,96.855,1
1588,97.119,1
1589,97.295,1
1590,97.471,1
1591,97.559,1
1592,97.646,1
1593,97.646,1
1594,97.559,1
1595,97.646,1
1596,97.822,1
1597,98.086,1
1598,98.174,1
1599,98.174,1
1600,98.174,1
1601,98.350,1
1602,98.262,1
1603,98.262,1
1604,98.350,1
1605,98.613,1
1606,98.789,1
1607,98.877,1
1608,98.789,1
1609,98.789,1
1610,98.965,1
1611,99.053,1
1612,99.141,1
1613,99.141,1
1614,99.316,1
1615,99.580,1
1616,99.580,1
1617,99.756,1
1618,99.932,1
1619,100.020,1
1620,100.107,1
1621,100.107,1
1622,100.283,1
1623,100.459,1
1624,100.459,1
1625,100.371,1
1626,100.371,1
1627,100.547,1
1628,100.811,1
1629,101.074,1
1630,101.162,1
1631,101.250,1
1632,101.162,1
1633,101.162,1
1634,101.162,1
1635,101.338,1
1636,101.514,1
1637,101.602,1
1638,101.602,1
1639,101.602,1
1640,101.689,1
1641,101.602,1
1642,101.689,1
1643,101.865,1
1644,102.129,1
1645,102.129,1
1646,102.129,1
1647,102.217,1
1648,102.393,1
1649,102.568,1
1650,102.568,1
1651,102.568,1
1652,102.832,1
1653,102.832,1
1654,102.832,1
1655,102.832,1
1656,102.832,1
1657,103.008,1
1658,103.271,1
1659,103.359,1
1660,103.359,1
1661,103.359,1
1662,103.623,1
1663,103.711,1
1664,103.799,1
1665,103.975,1
1666,104.062,1
1667,104.062,1
1668,104.062,1
1669,104.326,1
1670,104.414,1
1671,104.414,1
1672,104.414,1
1673,104.414,1
1674,104.590,1
1675,104.854,1
1676,105.029,1
1677,105.029,1
1678,105.117,1
1679,105.029,1
1680,105.029,1
1681,105.029,1
1682,105.029,1
1683,105.293,1
1684,105.645,1
1685,105.820,1
1686,105.908,1
1687,106.084,1
1688,106.172,1
1689,106.172,1
1690,106.172,1
1691,106.436,1
1692,106.611,1
1693,106.699,1
1694,106.611,1
1695,106.699,1
1696,106.611,1
1697,106.611,1
1698,106.611,1
1699,106.875,1
1700,107.139,1
1701,107.314,1
1702,107.402,1
1703,107.490,1
1704,107.578,1
1705,107.578,1
1706,107.578,1
1707,107.666,1
1708,107.842,1
1709,107.842,1
1710,107.754,1
1711,107.842,1
1712,108.105,1
1713,108.369,1
1714,108.369,1
1715,108.545,1
1716,108.721,1
1717,108.896,1
1718,108.896,1
1719,109.072,1
1720,109.160,1
1721,109.160,1
1722,109.160,1
1723,109.336,1
1724,109.512,1
1725,109.600,1
1726,109.600,1
1727,109.775,1
1728,109.775,1
1729,109.863,1
1730,109.863,1
1731,110.039,1
1732,110.215,1
1733,110.127,1
1734,110.127,1
1735,110.303,1
1736,110.566,1
1737,110.654,1
1738,110.654,1
1739,110.654,1
1740,110.918,1
1741,111.006,1
1742,111.006,1
1743,111.182,1
1744,111.270,1
1745,111.270,1
1746,111.270,1
1747,111.270,1
1748,111.270,1
1749,111.445,1
1750,111.621,1
1751,111.533,1
1752,111.621,1
1753,111.885,1
1754,112.148,1
1755,112.236,1
1756,112.236,1
1757,112.412,1
1758,112.500,1
1759,112.412,1
1760,112.412,1
1761,112.412,1
1762,112.500,1
1763,112.852,1
1764,113.027,1
1765,113.027,1
1766,113.115,1
1767,113.203,1
1768,113.291,1
1769,113.291,1
1770,113.467,1
1771,113.643,1
1772,113.730,1
1773,113.730,1
1774,113.818,1
1775,113.818,1
1776,113.906,1
1777,113.906,1
1778,113.994,1
1779,114.170,1
1780,114.258,1
1781,114.258,1
1782,114.346,1
1783,114.609,1
1784,114.697,1
1785,114.609,1
1786,114.609,1
1787,114.609,1
1788,114.609,1
1789,114.961,1
1790,115.225,1
1791,115.576,1
1792,115.752,1
1793,115.752,1
1794,115.840,1
1795,115.752,1
1796,115.752,1
1797,115.752,1
1798,115.752,1
1799,115.840,1
1800,116.104,1
1801,116.191,1
1802,116.455,1
1803,116.631,1
1804,116.719,1
1805,116.719,1
1806,116.719,1
1807,116.719,1
1808,116.631,1
1809,116.719,1
1810,116.719,1
1811,116.982,1
1812,117.246,1
1813,117.422,1
1814,117.598,1
1815,117.598,1
1816,117.598,1
1817,117.598,1
1818,117.686,1
1819,117.949,1
1820,118.037,1
1821,118.037,1
1822,118.125,1
1823,118.301,1
1824,118.389,1
1825,118.477,1
1826,118.477,1
1827,118.477,1
1828,118.564,1
1829,118.564,1
1830,118.477,1
1831,118.564,1
1832,118.652,1
1833,119.004,1
1834,119.180,1
1835,119.180,1
1836,119.180,1
1837,119.180,1
1838,119.180,1
1839,119.443,1
1840,119.795,1
1841,119.883,1
1842,119.883,1
1843,119.883,1
1844,119.883,1
1845,119.883,1
1846,119.883,1
1847,120.234,1
1848,120.586,1
1849,120.762,1
1850,120.762,1
1851,120.762,1
1852,120.762,1
1853,120.762,1
1854,120.762,1
1855,120.762,1
1856,120.762,1
1857,120.762,1
1858,120.762,1
1859,120.937,1
1860,121.201,1
1861,121.377,1
1862,121.465,1
1863,121.465,1
1864,121.641,1
1865,121.816,1
1866,121.816,1
1867,121.992,1
1868,122.168,1
1869,122.256,1
1870,122.256,1
1871,122.344,1
1872,122.607,1
1873,122.871,1
1874,122.871,1
1875,122.871,1
1876,122.871,1
1877,122.871,1
1878,122.871,1
1879,122.871,1
1880,123.135,1
1881,123.398,1
1882,123.574,1
1883,123.574,1
1884,123.838,1
1885,124.189,1
1886,124.277,1
1887,124.277,1
1888,124.277,1
1889,124.277,1
1890,124.277,1
1891,124.277,1
1892,124.277,1
1893,124.277,1
1894,124.277,1
1895,124.365,1
1896,124.717,1
1897,124.805,1
1898,124.717,1
1899,124.717,1
1900,124.893,1
1901,125.156,1
1902,125.332,1
1903,125.420,1
1904,125.420,1
1905,125.420,1
1906,125.420,1
1907,125.420,1
1908,125.596,1
1909,125.947,1
1910,125.947,1
1911,125.947,1
1912,125.947,1
1913,125.947,1
1914,125.947,1
1915,125.947,1
1916,126.123,1
1917,126.387,1
1918,126.475,1
1919,126.563,1
1920,126.738,1
1921,126.914,1
1922,127.090,1
1923,127.002,1
1924,127.178,1
1925,127.354,1
1926,127.354,1
1927,127.266,1
1928,127.529,1
1929,127.617,1
1930,127.617,1
1931,127.617,1
1932,127.617,1
1933,127.617,1
1934,127.793,1
1935,128.057,1
1936,128.320,1
1937,128.496,1
1938,128.584,1
1939,128.584,1
1940,128.584,1
1941,128.584,1
1942,128.584,1
1943,128.584,1
1944,128.760,1
1945,129.023,1
1946,129.111,1
1947,129.023,1
1948,129.111,1
1949,129.287,1
1950,129.551,1
1951,129.727,1
1952,129.727,1
1953,129.814,1
1954,129.990,1
1955,130.166,1
1956,130.166,1
1957,130.166,1
1958,130.166,1
1959,130.166,1
1960,130.166,1
1961,130.166,1
1962,130.430,1
1963,130.693,1
1964,130.869,1
1965,130.781,1
1966,130.781,1
1967,130.781,1
1968,130.869,1
1969,131.221,1
1970,131.396,1
1971,131.484,1
1972,131.484,1
1973,131.484,1
1974,131.660,1
1975,131.748,1
1976,131.836,1
1977,132.012,1
1978,132.100,1
1979,132.100,1
1980,132.100,1
1981,132.275,1
1982,132.451,1
1983,132.539,1
1984,132.539,1
1985,132.539,1
1986,132.715,1
1987,132.979,1
1988,133.242,1
1989,133.418,1
1990,133.506,1
1991,133.506,1
1992,133.506,1
1993,133.418,1
1994,133.418,1
1995,133.418,1
1996,133.418,1
1997,133.418,1
1998,133.506,1
1999,133.770,1
2000,134.209,1
2001,134.297,1
2002,134.209,1
2003,134.297,1
2004,134.385,1
2005,134.385,1
2006,134.473,1
2007,134.648,1
2008,134.912,1
2009,135.000,1
2010,135.088,1
2011,135.088,1
2012,135.176,1
2013,135.176,1
2014,135.176,1
2015,135.352,1
2016,135.703,1
2017,135.879,1
2018,135.791,1
2019,135.967,1
2020,136.143,1
2021,136.318,1
2022,136.406,1
2023,136.494,1
2024,136.494,1
2025,136.582,1
2026,136.494,1
2027,136.494,1
2028,136.494,1
2029,136.758,1
2030,137.021,1
2031,137.109,1
2032,137.109,1
2033,137.109,1
2034,137.285,1
2035,137.373,1
2036,137.373,1
2037,137.373,1
2038,137.461,1
2039,137.637,1
2040,137.725,1
2041,137.813,1
2042,137.988,1
2043,137.988,1
2044,137.988,1
2045,138.164,1
2046,138.340,1
2047,138.428,1
2048,138.428,1
2049,138.428,1
2050,138.428,1
2051,138.428,1
2052,138.691,1
2053,138.955,1
2054,139.131,1
2055,139.131,1
2056,139.131,1
2057,139.131,1
2058,139.307,1
2059,139.395,1
2060,139.395,1
2061,139.395,1
2062,139.482,1
2063,139.658,1
2064,139.834,1
2065,139.834,1
2066,139.922,1
2067,140.186,1
2068,140.273,1
2069,140.273,1
2070,140.273,1
2071,140.273,1
2072,140.273,1
2073,140.273,1
2074,140.537,1
2075,140.713,1
2076,140.713,1
2077,140.713,1
2078,140.801,1
2079,141.064,1
2080,141.328,1
2081,141.416,1
2082,141.504,1
2083,141.592,1
2084,141.592,1
2085,141.592,1
2086,141.592,1
2087,141.592,1
2088,141.592,1
2089,141.592,1
2090,141.504,1
2091,141.504,1
2092,141.680,1
2093,141.943,1
2094,142.031,1
2095,142.119,1
2096,142.383,1
2097,142.646,1
2098,142.822,1
2099,142.910,1
2100,143.086,1
2101,143.262,1
2102,143.350,1
2103,143.350,1
2104,143.437,1
2105,143.613,1
2106,143.613,1
2107,143.613,1
2108,143.613,1
2109,143.613,1
2110,143.613,1
2111,143.613,1
2112,143.789,1
2113,144.053,1
2114,144.316,1
2115,144.316,1
2116,144.316,1
2117,144.316,1
2118,144.316,1
2119,144.492,1
2120,144.492,1
2121,144.492,1
2122,144.492,1
2123,144.580,1
2124,144.844,1
2125,145.107,1
2126,145.195,1
2127,145.195,1
2128,145.195,1
2129,145.283,1
2130,145.547,1
2131,145.811,1
2132,145.811,1
2133,145.898,1
2134,146.074,1
2135,146.074,1
2136,146.074,1
2137,146.074,1
2138,146.250,1
2139,146.426,1
2140,146.338,1
2141,146.338,1
2142,146.426,1
2143,146.602,1
2144,146.777,1
2145,146.777,1
2146,146.777,1
2147,146.953,1
2148,147.041,1
2149,146.953,1
2150,147.041,1
2151,147.305,1
2152,147.480,1
2153,147.480,1
2154,147.480,1
2155,147.744,1
2156,148.184,1
2157,148.359,1
2158,148.359,1
2159,148.359,1
2160,148.359,1
2161,148.359,1
2162,148.359,1
2163,148.359,1
2164,148.271,1
2165,148.447,1
2166,148.711,1
2167,148.799,1
2168,148.799,1
2169,148.799,1
2170,148.799,1
2171,148.711,1
2172,148.799,1
2173,148.975,1
2174,149.238,1
2175,149.590,1
2176,149.678,1
2177,149.678,1
2178,149.678,1
2179,149.678,1
2180,149.854,1
2181,149.941,1
2182,149.854,1
2183,149.854,1
2184,149.854,1
2185,150.117,1
2186,150.381,1
2187,150.557,1
2188,150.557,1
2189,150.645,1
2190,150.820,1
2191,150.996,1
2192,150.996,1
2193,151.260,1
2194,151.348,1
2195,151.348,1
2196,151.260,1
2197,151.348,1
2198,151.611,1
2199,151.699,1
2200,151.699,1
2201,151.699,1
2202,151.787,1
2203,152.051,1
2204,152.139,1
2205,152.139,1
2206,152.314,1
2207,152.402,1
2208,152.402,1
2209,152.402,1
2210,152.666,1
2211,152.842,1
2212,152.842,1
2213,152.842,1
2214,153.018,1
2215,153.281,1
2216,153.281,1
2217,153.281,1
2218,153.281,1
2219,153.281,1
2220,153.281,1
2221,153.281,1
2222,153.457,1
2223,153.721,1
2224,153.809,1
2225,153.896,1
2226,154.072,1
2227,154.336,1
2228,154.424,1
2229,154.336,1
2230,154.336,1
2231,154.512,1
2232,154.775,1
2233,154.863,1
2234,154.775,1
2235,154.863,1
2236,155.039,1
2237,155.039,1
2238,155.039,1
2239,155.039,1
2240,155.215,1
2241,155.566,1
2242,155.654,1
2243,155.830,1
2244,155.918,1
2245,155.918,1
2246,155.918,1
2247,155.918,1
2248,156.006,1
2249,156.182,1
2250,156.357,1
2251,156.533,1
2252,156.797,1
2253,156.973,1
2254,157.061,1
2255,157.061,1
2256,157.061,1
2257,157.061,1
2258,157.236,1
2259,157.412,1
2260,157.500,1
2261,157.500,1
2262,157.500,1
2263,157.500,1
2264,157.676,1
2265,157.764,1
2266,157.939,1
2267,158.027,1
2268,157.939,1
2269,157.939,1
2270,157.939,1
2271,157.939,1
2272,158.291,1
2273,158.643,1
2274,158.730,1
2275,158.643,1
2276,158.643,1
2277,158.730,1
2278,158.994,1
2279,159.258,1
2280,159.346,1
2281,159.346,1
2282,159.346,1
2283,159.346,1
2284,159.346,1
2285,159.521,1
2286,159.785,1
2287,159.873,1
2288,159.873,1
2289,159.961,1
2290,160.049,1
2291,160.137,1
2292,160.225,1
2293,160.225,1
2294,160.400,1
2295,160.400,1
2296,160.400,1
2297,160.664,1
2298,160.752,1
2299,160.840,1
2300,160.840,1
2301,161.016,1
2302,161.191,1
2303,161.279,1
2304,161.367,1
2305,161.543,1
2306,161.807,1
2307,161.895,1
2308,161.982,1
2309,161.982,1
2310,161.982,1
2311,162.246,1
2312,162.334,1
2313,162.334,1
2314,162.246,1
2315,162.246,1
2316,162.422,1
2317,162.686,1
2318,162.949,1
2319,163.213,1
2320,163.301,1
2321,163.301,1
2322,163.389,1
2323,163.301,1
2324,163.389,1
2325,163.389,1
2326,163.389,1
2327,163.389,1
2328,163.389,1
2329,163.477,1
2330,163.740,1
2331,163.828,1
2332,164.092,1
2333,164.355,1
2334,164.443,1
2335,164.531,1
2336,164.531,1
2337,164.531,1
2338,164.531,1
2339,164.531,1
2340,164.883,1
2341,165.059,1
2342,164.971,1
2343,164.971,1
2344,164.971,1
2345,165.146,1
2346,165.322,1
2347,165.410,1
2348,165.410,1
2349,165.498,1
2350,165.674,1
2351,165.762,1
2352,165.938,1
2353,166.201,1
2354,166.289,1
2355,166.289,1
2356,166.289,1
2357,166.465,1
2358,166.729,1
2359,166.816,1
2360,166.904,1
2361,166.992,1
2362,166.992,1
2363,166.992,1
2364,166.992,1
2365,167.256,1
2366,167.344,1
2367,167.432,1
2368,167.432,1
2369,167.432,1
2370,167.607,1
2371,167.783,1
2372,167.871,1
2373,167.871,1
2374,167.871,1
2375,167.871,1
2376,167.871,1
2377,168.135,1
2378,168.398,1
2379,168.486,1
2380,168.398,1
2381,168.398,1
2382,168.486,1
2383,168.838,1
2384,169.102,1
2385,169.189,1
2386,169.365,1
2387,169.453,1
2388,169.541,1
2389,169.541,1
2390,169.541,1
2391,169.541,1
2392,169.541,1
2393,169.541,1
2394,169.541,1
2395,169.717,1
2396,169.893,1
2397,170.068,1
2398,170.068,1
2399,170.244,1
2400,170.420,1
2401,170.420,1
2402,170.420,1
2403,170.420,1
2404,170.420,1
2405,170.508,1
2406,170.771,1
2407,171.123,1
2408,171.299,1
2409,171.387,1
2410,171.387,1
2411,171.475,1
2412,171.475,1
2413,171.475,1
2414,171.475,1
2415,171.650,1
2416,171.826,1
2417,172.002,1
2418,172.266,1
2419,172.266,1
2420,172.354,1
2421,172.617,1
2422,172.705,1
2423,172.705,1
2424,172.705,1
2425,172.617,1
2426,172.617,1
2427,172.705,1
2428,172.617,1
2429,172.881,1
2430,173.232,1
2431,173.408,1
2432,173.496,1
2433,173.496,1
2434,173.496,1
2435,173.672,1
2436,174.023,1
2437,174.023,1
2438,174.023,1
2439,174.287,1
2440,174.287,1
2441,174.199,1
2442,174.199,1
2443,174.375,1
2444,174.639,1
2445,174.727,1
2446,174.727,1
2447,174.639,1
2448,174.727,1
2449,174.727,1
2450,174.727,1
2451,174.727,1
2452,174.990,1
2453,175.166,1
2454,175.342,1
2455,175.518,1
2456,175.605,1
2457,175.605,1
2458,175.605,1
2459,175.869,1
2460,176.221,1
2461,176.396,1
2462,176.484,1
2463,176.572,1
2464,176.484,1
2465,176.484,1
2466,176.572,1
2467,176.836,1
2468,176.924,1
2469,177.012,1
2470,177.187,1
2471,177.451,1
2472,177.539,1
2473,177.451,1
2474,177.451,1
2475,177.451,1
2476,177.451,1
2477,177.451,1
2478,177.451,1
2479,177.451,1
2480,177.539,1
2481,177.891,1
2482,178.154,1
2483,178.154,1
2484,178.154,1
2485,178.154,1
2486,178.154,1
2487,178.154,1
2488,178.154,1
2489,178.154,1
2490,178.330,1
2491,178.682,1
2492,178.945,1
2493,179.033,1
2494,179.121,1
2495,179.297,1
2496,179.385,1
2497,179.473,1
2498,179.648,1
2499,179.736,1
2500,179.736,1
2501,179.648,1
2502,179.648,1
2503,179.824,1
2504,180.088,1
2505,180.176,1
2506,180.176,1
2507,180.264,1
2508,180.527,1
2509,180.615,1
2510,180.791,1
2511,181.055,1
2512,181.055,1
2513,180.967,1
2514,180.967,1
2515,181.055,1
2516,181.318,1
2517,181.494,1
2518,181.670,1
2519,181.670,1
2520,181.670,1
2521,181.670,1
2522,181.670,1
2523,181.846,1
2524,182.109,1
2525,182.109,1
2526,182.109,1
2527,182.109,1
2528,182.109,1
2529,182.109,1
2530,182.461,1
2531,182.725,1
2532,183.164,1
2533,183.516,1
2534,183.604,1
2535,183.516,1
2536,183.516,1
2537,183.516,1
2538,183.516,1
2539,183.516,1
2540,183.516,1
2541,183.516,1
2542,183.604,1
2543,183.955,1
2544,184.043,1
2545,183.955,1
2546,183.955,1
2547,183.955,1
2548,183.955,1
2549,184.219,1
2550,184.482,1
2551,184.834,1
2552,185.010,1
2553,184.922,1
2554,184.922,1
2555,185.098,1
2556,185.273,1
2557,185.361,1
2558,185.361,1
2559,185.449,1
2560,185.625,1
2561,185.713,1
2562,185.801,1
2563,185.977,1
2564,186.064,1
2565,186.152,1
2566,186.328,1
2567,186.592,1
2568,186.592,1
2569,186.504,1
2570,186.504,1
2571,186.504,1
2572,186.504,1
2573,186.592,1
2574,186.855,1
2575,186.943,1
2576,187.119,1
2577,187.207,1
2578,187.207,1
2579,187.207,1
2580,187.207,1
2581,187.383,1
2582,187.559,1
2583,187.734,1
2584,187.998,1
2585,188.174,1
2586,188.174,1
2587,188.086,1
2588,188.086,1
2589,188.262,1
2590,188.437,1
2591,188.525,1
2592,188.525,1
2593,188.613,1
2594,188.789,1
2595,188.877,1
2596,188.965,1
2597,188.965,1
2598,188.965,1
2599,189.053,1
2600,189.316,1
2601,189.580,1
2602,189.932,1
2603,190.107,1
2604,190.195,1
2605,190.107,1
2606,190.195,1
2607,190.371,1
2608,190.283,1
2609,190.283,1
2610,190.459,1
2611,190.547,1
2612,190.547,1
2613,190.547,1
2614,190.635,1
2615,190.547,1
2616,190.547,1
2617,190.547,1
2618,190.723,1
2619,191.162,1
2620,191.338,1
2621,191.426,1
2622,191.514,1
2623,191.514,1
2624,191.426,1
2625,191.426,1
2626,191.426,1
2627,191.602,1
2628,191.953,1
2629,192.393,1
2630,192.744,1
2631,193.096,1
2632,193.096,1
2633,193.096,1
2634,193.096,1
2635,193.096,1
2636,193.184,1
2637,193.184,1
2638,193.271,1
2639,193.271,1
2640,193.359,1
2641,193.359,1
2642,193.359,1
2643,193.359,1
2644,193.359,1
2645,193.359,1
2646,193.359,1
2647,193.359,1
2648,193.359,1
2649,193.359,1
2650,193.359,1
