direction,pulse_us,angle_deg,valid
U,500,-3.516,1
U,501,-3.516,1
U,502,-3.516,1
U,503,-3.516,1
U,504,-3.516,1
U,505,-3.516,1
U,506,-3.516,1
U,507,-3.516,1
U,508,-3.516,1
U,509,-3.516,1
U,510,-3.516,1
U,511,-3.516,1
U,512,-3.516,1
U,513,-3.516,1
U,514,-3.252,1
U,515,-2.900,1
U,516,-2.725,1
U,517,-2.461,1
U,518,-2.373,1
U,519,-2.373,1
U,520,-2.285,1
U,521,-2.373,1
U,522,-2.197,1
U,523,-2.021,1
U,524,-2.021,1
U,525,-1.758,1
U,526,-1.582,1
U,527,-1.494,1
U,528,-1.494,1
U,529,-1.494,1
U,530,-1.318,1
U,531,-1.143,1
U,532,-1.143,1
U,533,-1.230,1
U,534,-1.230,1
U,535,-1.055,1
U,536,-0.879,1
U,537,-0.703,1
U,538,-0.791,1
U,539,-0.791,1
U,540,-0.703,1
U,541,-0.439,1
U,542,-0.264,1
U,543,-0.088,1
U,544,0.088,1
U,545,0.176,1
U,546,0.176,1
U,547,0.176,1
U,548,0.439,1
U,549,0.527,1
U,550,0.527,1
U,551,0.615,1
U,552,0.615,1
U,553,0.615,1
U,554,0.791,1
U,555,1.143,1
U,556,1.406,1
U,557,1.406,1
U,558,1.494,1
U,559,1.582,1
U,560,1.758,1
U,561,1.670,1
U,562,1.670,1
U,563,1.670,1
U,564,1.934,1
U,565,2.109,1
U,566,2.197,1
U,567,2.285,1
U,568,2.549,1
U,569,2.637,1
U,570,2.637,1
U,571,2.637,1
U,572,2.637,1
U,573,2.637,1
U,574,2.637,1
U,575,2.725,1
U,576,2.988,1
U,577,3.164,1
U,578,3.340,1
U,579,3.516,1
U,580,3.691,1
U,581,3.604,1
U,582,3.604,1
U,583,3.604,1
U,584,3.604,1
U,585,3.604,1
U,586,3.691,1
U,587,3.955,1
U,588,4.131,1
U,589,4.219,1
U,590,4.219,1
U,591,4.482,1
U,592,4.570,1
U,593,4.482,1
U,594,4.570,1
U,595,5.010,1
U,596,5.361,1
U,597,5.625,1
U,598,5.713,1
U,599,5.713,1
U,600,5.713,1
U,601,5.713,1
U,602,5.713,1
U,603,5.801,1
U,604,6.064,1
U,605,6.240,1
U,606,6.152,1
U,607,6.152,1
U,608,6.240,1
U,609,6.328,1
U,610,6.416,1
U,611,6.416,1
U,612,6.416,1
U,613,6.592,1
U,614,6.680,1
U,615,6.592,1
U,616,6.592,1
U,617,6.680,1
U,618,6.768,1
U,619,7.119,1
U,620,7.471,1
U,621,7.646,1
U,622,7.646,1
U,623,7.559,1
U,624,7.559,1
U,625,7.559,1
U,626,7.822,1
U,627,7.998,1
U,628,8.262,1
U,629,8.350,1
U,630,8.437,1
U,631,8.437,1
U,632,8.437,1
U,633,8.437,1
U,634,8.613,1
U,635,8.789,1
U,636,8.789,1
U,637,8.789,1
U,638,8.877,1
U,639,9.141,1
U,640,9.229,1
U,641,9.229,1
U,642,9.316,1
U,643,9.492,1
U,644,9.492,1
U,645,9.404,1
U,646,9.492,1
U,647,9.756,1
U,648,10.020,1
U,649,10.107,1
U,650,10.283,1
U,651,10.283,1
U,652,10.283,1
U,653,10.283,1
U,654,10.459,1
U,655,10.723,1
U,656,10.811,1
U,657,10.811,1
U,658,10.986,1
U,659,11.162,1
U,660,11.250,1
U,661,11.250,1
U,662,11.250,1
U,663,11.250,1
U,664,11.250,1
U,665,11.250,1
U,666,11.426,1
U,667,11.777,1
U,668,12.041,1
U,669,12.041,1
U,670,12.041,1
U,671,12.129,1
U,672,12.217,1
U,673,12.217,1
U,674,12.217,1
U,675,12.305,1
U,676,12.305,1
U,677,12.305,1
U,678,12.305,1
U,679,12.305,1
U,680,12.568,1
U,681,12.744,1
U,682,12.656,1
U,683,12.832,1
U,684,13.271,1
U,685,13.711,1
U,686,13.887,1
U,687,14.238,1
U,688,14.414,1
U,689,14.414,1
U,690,14.414,1
U,691,14.414,1
U,692,14.414,1
U,693,14.414,1
U,694,14.414,1
U,695,14.502,1
U,696,14.590,1
U,697,14.590,1
U,698,14.678,1
U,699,14.854,1
U,700,15.029,1
U,701,15.029,1
U,702,15.029,1
U,703,15.029,1
U,704,15.205,1
U,705,15.469,1
U,706,15.557,1
U,707,15.557,1
U,708,15.557,1
U,709,15.645,1
U,710,15.732,1
U,711,15.732,1
U,712,15.732,1
U,713,15.908,1
U,714,16.084,1
U,715,15.996,1
U,716,15.996,1
U,717,16.172,1
U,718,16.436,1
U,719,16.523,1
U,720,16.523,1
U,721,16.787,1
U,722,17.051,1
U,723,17.227,1
U,724,17.314,1
U,725,17.402,1
U,726,17.490,1
U,727,17.402,1
U,728,17.402,1
U,729,17.402,1
U,730,17.578,1
U,731,17.842,1
U,732,18.105,1
U,733,18.105,1
U,734,18.193,1
U,735,18.281,1
U,736,18.281,1
U,737,18.281,1
U,738,18.457,1
U,739,18.633,1
U,740,18.721,1
U,741,18.721,1
U,742,18.896,1
U,743,19.072,1
U,744,19.072,1
U,745,18.984,1
U,746,18.984,1
U,747,19.248,1
U,748,19.600,1
U,749,19.863,1
U,750,19.951,1
U,751,19.951,1
U,752,20.039,1
U,753,20.391,1
U,754,20.566,1
U,755,20.654,1
U,756,20.742,1
U,757,20.830,1
U,758,20.918,1
U,759,20.918,1
U,760,20.830,1
U,761,20.830,1
U,762,20.830,1
U,763,20.830,1
U,764,21.006,1
U,765,21.182,1
U,766,21.357,1
U,767,21.357,1
U,768,21.533,1
U,769,21.709,1
U,770,21.797,1
U,771,21.885,1
U,772,22.061,1
U,773,22.061,1
U,774,22.061,1
U,775,22.061,1
U,776,22.148,1
U,777,22.324,1
U,778,22.412,1
U,779,22.324,1
U,780,22.500,1
U,781,22.764,1
U,782,22.852,1
U,783,22.764,1
U,784,22.764,1
U,785,22.764,1
U,786,22.939,1
U,787,23.203,1
U,788,23.291,1
U,789,23.291,1
U,790,23.379,1
U,791,23.643,1
U,792,23.818,1
U,793,23.730,1
U,794,23.730,1
U,795,23.994,1
U,796,24.170,1
U,797,24.258,1
U,798,24.258,1
U,799,24.258,1
U,800,24.521,1
U,801,24.697,1
U,802,24.697,1
U,803,24.785,1
U,804,24.873,1
U,805,24.873,1
U,806,24.873,1
U,807,24.961,1
U,808,25.049,1
U,809,25.312,1
U,810,25.488,1
U,811,25.664,1
U,812,25.752,1
U,813,25.840,1
U,814,25.752,1
U,815,25.840,1
U,816,25.840,1
U,817,25.840,1
U,818,25.840,1
U,819,25.928,1
U,820,26.191,1
U,821,26.455,1
U,822,26.543,1
U,823,26.543,1
U,824,26.719,1
U,825,26.807,1
U,826,26.719,1
U,827,26.719,1
U,828,26.719,1
U,829,26.895,1
U,830,27.158,1
U,831,27.422,1
U,832,27.422,1
U,833,27.510,1
U,834,27.598,1
U,835,27.598,1
U,836,27.598,1
U,837,27.686,1
U,838,27.861,1
U,839,28.037,1
U,840,28.125,1
U,841,28.125,1
U,842,28.213,1
U,843,28.389,1
U,844,28.301,1
U,845,28.389,1
U,846,28.564,1
U,847,28.740,1
U,848,28.828,1
U,849,28.828,1
U,850,28.916,1
U,851,28.916,1
U,852,28.916,1
U,853,29.180,1
U,854,29.443,1
U,855,29.619,1
U,856,29.531,1
U,857,29.531,1
U,858,29.795,1
U,859,30.059,1
U,860,30.322,1
U,861,30.498,1
U,862,30.498,1
U,863,30.498,1
U,864,30.498,1
U,865,30.498,1
U,866,30.586,1
U,867,30.762,1
U,868,30.937,1
U,869,31.025,1
U,870,31.025,1
U,871,31.025,1
U,872,31.025,1
U,873,31.113,1
U,874,31.289,1
U,875,31.201,1
U,876,31.377,1
U,877,31.641,1
U,878,31.816,1
U,879,31.729,1
U,880,31.729,1
U,881,31.729,1
U,882,31.816,1
U,883,32.080,1
U,884,32.344,1
U,885,32.520,1
U,886,32.520,1
U,887,32.520,1
U,888,32.432,1
U,889,32.432,1
U,890,32.432,1
U,891,32.607,1
U,892,32.783,1
U,893,32.959,1
U,894,33.135,1
U,895,33.398,1
U,896,33.398,1
U,897,33.398,1
U,898,33.398,1
U,899,33.398,1
U,900,33.398,1
U,901,33.398,1
U,902,33.398,1
U,903,33.574,1
U,904,33.838,1
U,905,34.189,1
U,906,34.277,1
U,907,34.365,1
U,908,34.541,1
U,909,34.805,1
U,910,34.805,1
U,911,34.805,1
U,912,34.805,1
U,913,34.980,1
U,914,35.156,1
U,915,35.332,1
U,916,35.244,1
U,917,35.244,1
U,918,35.332,1
U,919,35.596,1
U,920,35.771,1
U,921,35.947,1
U,922,36.123,1
U,923,36.211,1
U,924,36.123,1
U,925,36.211,1
U,926,36.211,1
U,927,36.211,1
U,928,36.123,1
U,929,36.211,1
U,930,36.475,1
U,931,36.650,1
U,932,36.650,1
U,933,36.650,1
U,934,36.826,1
U,935,37.090,1
U,936,37.178,1
U,937,37.090,1
U,938,37.178,1
U,939,37.441,1
U,940,37.705,1
U,941,37.881,1
U,942,37.969,1
U,943,38.057,1
U,944,38.145,1
U,945,38.145,1
U,946,38.145,1
U,947,38.145,1
U,948,38.145,1
U,949,38.145,1
U,950,38.496,1
U,951,38.672,1
U,952,38.848,1
U,953,38.848,1
U,954,38.848,1
U,955,39.111,1
U,956,39.375,1
U,957,39.551,1
U,958,39.551,1
U,959,39.639,1
U,960,39.814,1
U,961,39.814,1
U,962,39.814,1
U,963,39.990,1
U,964,40.166,1
U,965,40.078,1
U,966,40.166,1
U,967,40.430,1
U,968,40.430,1
U,969,40.342,1
U,970,40.430,1
U,971,40.605,1
U,972,40.781,1
U,973,40.869,1
U,974,40.781,1
U,975,40.869,1
U,976,41.045,1
U,977,41.396,1
U,978,41.572,1
U,979,41.572,1
U,980,41.660,1
U,981,41.836,1
U,982,42.012,1
U,983,42.012,1
U,984,42.012,1
U,985,42.012,1
U,986,42.012,1
U,987,42.012,1
U,988,42.012,1
U,989,42.012,1
U,990,42.275,1
U,991,42.715,1
U,992,42.891,1
U,993,42.979,1
U,994,42.979,1
U,995,42.979,1
U,996,42.979,1
U,997,42.979,1
U,998,43.330,1
U,999,43.594,1
U,1000,43.682,1
U,1001,43.682,1
U,1002,43.770,1
U,1003,43.945,1
U,1004,44.121,1
U,1005,44.121,1
U,1006,44.297,1
U,1007,44.648,1
U,1008,45.000,1
U,1009,45.176,1
U,1010,45.264,1
U,1011,45.264,1
U,1012,45.264,1
U,1013,45.264,1
U,1014,45.264,1
U,1015,45.439,1
U,1016,45.703,1
U,1017,45.791,1
U,1018,45.791,1
U,1019,45.879,1
U,1020,46.055,1
U,1021,45.967,1
U,1022,46.055,1
U,1023,46.318,1
U,1024,46.670,1
U,1025,46.670,1
U,1026,46.758,1
U,1027,46.846,1
U,1028,46.846,1
U,1029,46.934,1
U,1030,46.934,1
U,1031,46.934,1
U,1032,47.109,1
U,1033,47.285,1
U,1034,47.285,1
U,1035,47.373,1
U,1036,47.637,1
U,1037,47.725,1
U,1038,47.725,1
U,1039,47.725,1
U,1040,47.725,1
U,1041,47.725,1
U,1042,47.725,1
U,1043,47.725,1
U,1044,47.900,1
U,1045,48.252,1
U,1046,48.604,1
U,1047,48.955,1
U,1048,49.131,1
U,1049,49.131,1
U,1050,49.131,1
U,1051,49.131,1
U,1052,49.131,1
U,1053,49.131,1
U,1054,49.131,1
U,1055,49.131,1
U,1056,49.219,1
U,1057,49.570,1
U,1058,49.834,1
U,1059,49.922,1
U,1060,50.098,1
U,1061,50.186,1
U,1062,50.098,1
U,1063,50.098,1
U,1064,50.273,1
U,1065,50.537,1
U,1066,50.713,1
U,1067,50.625,1
U,1068,50.625,1
U,1069,50.801,1
U,1070,50.889,1
U,1071,50.889,1
U,1072,51.064,1
U,1073,51.416,1
U,1074,51.592,1
U,1075,51.592,1
U,1076,51.504,1
U,1077,51.592,1
U,1078,51.592,1
U,1079,51.504,1
U,1080,51.592,1
U,1081,51.855,1
U,1082,52.207,1
U,1083,52.383,1
U,1084,52.471,1
U,1085,52.559,1
U,1086,52.734,1
U,1087,52.734,1
U,1088,52.734,1
U,1089,52.734,1
U,1090,52.734,1
U,1091,52.734,1
U,1092,52.734,1
U,1093,52.910,1
U,1094,53.174,1
U,1095,53.525,1
U,1096,53.613,1
U,1097,53.701,1
U,1098,53.701,1
U,1099,53.613,1
U,1100,53.613,1
U,1101,53.965,1
U,1102,54.229,1
U,1103,54.404,1
U,1104,54.492,1
U,1105,54.580,1
U,1106,54.668,1
U,1107,54.580,1
U,1108,54.580,1
U,1109,54.668,1
U,1110,54.932,1
U,1111,55.195,1
U,1112,55.371,1
U,1113,55.283,1
U,1114,55.283,1
U,1115,55.371,1
U,1116,55.547,1
U,1117,55.811,1
U,1118,55.811,1
U,1119,55.811,1
U,1120,55.811,1
U,1121,56.074,1
U,1122,56.074,1
U,1123,56.074,1
U,1124,56.074,1
U,1125,56.162,1
U,1126,56.338,1
U,1127,56.426,1
U,1128,56.514,1
U,1129,56.689,1
U,1130,57.041,1
U,1131,57.217,1
U,1132,57.305,1
U,1133,57.305,1
U,1134,57.305,1
U,1135,57.305,1
U,1136,57.305,1
U,1137,57.656,1
U,1138,57.920,1
U,1139,58.008,1
U,1140,58.008,1
U,1141,58.008,1
U,1142,58.008,1
U,1143,58.008,1
U,1144,58.096,1
U,1145,58.271,1
U,1146,58.271,1
U,1147,58.271,1
U,1148,58.447,1
U,1149,58.623,1
U,1150,58.711,1
U,1151,59.062,1
U,1152,59.150,1
U,1153,59.150,1
U,1154,59.150,1
U,1155,59.150,1
U,1156,59.150,1
U,1157,59.150,1
U,1158,59.150,1
U,1159,59.238,1
U,1160,59.414,1
U,1161,59.678,1
U,1162,59.941,1
U,1163,60.117,1
U,1164,60.205,1
U,1165,60.381,1
U,1166,60.381,1
U,1167,60.381,1
U,1168,60.381,1
U,1169,60.293,1
U,1170,60.381,1
U,1171,60.381,1
U,1172,60.381,1
U,1173,60.469,1
U,1174,60.732,1
U,1175,60.820,1
U,1176,60.820,1
U,1177,60.820,1
U,1178,60.820,1
U,1179,60.820,1
U,1180,60.820,1
U,1181,60.996,1
U,1182,61.436,1
U,1183,61.787,1
U,1184,61.963,1
U,1185,61.963,1
U,1186,62.051,1
U,1187,62.139,1
U,1188,62.139,1
U,1189,62.227,1
U,1190,62.314,1
U,1191,62.490,1
U,1192,62.402,1
U,1193,62.402,1
U,1194,62.402,1
U,1195,62.578,1
U,1196,62.842,1
U,1197,63.105,1
U,1198,63.105,1
U,1199,63.193,1
U,1200,63.369,1
U,1201,63.457,1
U,1202,63.369,1
U,1203,63.369,1
U,1204,63.545,1
U,1205,63.633,1
U,1206,63.545,1
U,1207,63.633,1
U,1208,63.721,1
U,1209,63.984,1
U,1210,64.160,1
U,1211,64.336,1
U,1212,64.336,1
U,1213,64.424,1
U,1214,64.600,1
U,1215,64.600,1
U,1216,64.687,1
U,1217,64.951,1
U,1218,65.127,1
U,1219,65.303,1
U,1220,65.303,1
U,1221,65.303,1
U,1222,65.303,1
U,1223,65.303,1
U,1224,65.566,1
U,1225,65.830,1
U,1226,66.094,1
U,1227,66.094,1
U,1228,66.006,1
U,1229,66.182,1
U,1230,66.270,1
U,1231,66.270,1
U,1232,66.445,1
U,1233,66.709,1
U,1234,66.797,1
U,1235,66.797,1
U,1236,66.797,1
U,1237,66.885,1
U,1238,67.061,1
U,1239,67.061,1
U,1240,67.061,1
U,1241,67.061,1
U,1242,67.148,1
U,1243,67.324,1
U,1244,67.412,1
U,1245,67.500,1
U,1246,67.500,1
U,1247,67.588,1
U,1248,67.764,1
U,1249,67.764,1
U,1250,67.764,1
U,1251,67.764,1
U,1252,67.939,1
U,1253,68.291,1
U,1254,68.555,1
U,1255,68.643,1
U,1256,68.643,1
U,1257,68.643,1
U,1258,68.643,1
U,1259,68.643,1
U,1260,68.818,1
U,1261,69.082,1
U,1262,69.258,1
U,1263,69.170,1
U,1264,69.258,1
U,1265,69.434,1
U,1266,69.434,1
U,1267,69.434,1
U,1268,69.434,1
U,1269,69.434,1
U,1270,69.697,1
U,1271,69.961,1
U,1272,70.225,1
U,1273,70.400,1
U,1274,70.400,1
U,1275,70.313,1
U,1276,70.313,1
U,1277,70.313,1
U,1278,70.488,1
U,1279,70.752,1
U,1280,70.840,1
U,1281,70.840,1
U,1282,70.840,1
U,1283,70.928,1
U,1284,70.928,1
U,1285,71.016,1
U,1286,71.191,1
U,1287,71.455,1
U,1288,71.543,1
U,1289,71.455,1
U,1290,71.455,1
U,1291,71.455,1
U,1292,71.543,1
U,1293,71.807,1
U,1294,72.070,1
U,1295,72.334,1
U,1296,72.422,1
U,1297,72.422,1
U,1298,72.422,1
U,1299,72.422,1
U,1300,72.422,1
U,1301,72.510,1
U,1302,72.598,1
U,1303,72.686,1
U,1304,72.861,1
U,1305,73.037,1
U,1306,73.213,1
U,1307,73.389,1
U,1308,73.564,1
U,1309,73.652,1
U,1310,73.652,1
U,1311,73.652,1
U,1312,73.740,1
U,1313,73.740,1
U,1314,73.740,1
U,1315,74.004,1
U,1316,74.268,1
U,1317,74.443,1
U,1318,74.443,1
U,1319,74.443,1
U,1320,74.443,1
U,1321,74.443,1
U,1322,74.443,1
U,1323,74.443,1
U,1324,74.443,1
U,1325,74.619,1
U,1326,74.883,1
U,1327,75.059,1
U,1328,74.971,1
U,1329,75.146,1
U,1330,75.234,1
U,1331,75.322,1
U,1332,75.410,1
U,1333,75.410,1
U,1334,75.410,1
U,1335,75.410,1
U,1336,75.410,1
U,1337,75.498,1
U,1338,75.762,1
U,1339,75.850,1
U,1340,75.850,1
U,1341,75.938,1
U,1342,76.025,1
U,1343,76.201,1
U,1344,76.113,1
U,1345,76.113,1
U,1346,76.377,1
U,1347,76.553,1
U,1348,76.553,1
U,1349,76.641,1
U,1350,76.904,1
U,1351,77.080,1
U,1352,77.080,1
U,1353,77.080,1
U,1354,77.080,1
U,1355,77.080,1
U,1356,77.080,1
U,1357,77.080,1
U,1358,77.256,1
U,1359,77.607,1
U,1360,77.871,1
U,1361,77.871,1
U,1362,77.871,1
U,1363,78.135,1
U,1364,78.311,1
U,1365,78.311,1
U,1366,78.398,1
U,1367,78.486,1
U,1368,78.486,1
U,1369,78.486,1
U,1370,78.486,1
U,1371,78.750,1
U,1372,78.926,1
U,1373,78.926,1
U,1374,78.926,1
U,1375,79.102,1
U,1376,79.277,1
U,1377,79.189,1
U,1378,79.189,1
U,1379,79.277,1
U,1380,79.541,1
U,1381,79.629,1
U,1382,79.629,1
U,1383,79.629,1
U,1384,79.629,1
U,1385,79.629,1
U,1386,79.629,1
U,1387,79.629,1
U,1388,79.893,1
U,1389,80.244,1
U,1390,80.596,1
U,1391,80.771,1
U,1392,80.771,1
U,1393,80.771,1
U,1394,80.771,1
U,1395,80.771,1
U,1396,80.771,1
U,1397,80.859,1
U,1398,81.123,1
U,1399,81.299,1
U,1400,81.299,1
U,1401,81.299,1
U,1402,81.387,1
U,1403,81.563,1
U,1404,81.475,1
U,1405,81.475,1
U,1406,81.650,1
U,1407,81.738,1
U,1408,81.738,1
U,1409,81.738,1
U,1410,81.738,1
U,1411,82.002,1
U,1412,82.266,1
U,1413,82.441,1
U,1414,82.705,1
U,1415,82.881,1
U,1416,82.969,1
U,1417,82.969,1
U,1418,82.969,1
U,1419,82.969,1
U,1420,82.969,1
U,1421,83.057,1
U,1422,83.320,1
U,1423,83.496,1
U,1424,83.496,1
U,1425,83.496,1
U,1426,83.672,1
U,1427,83.672,1
U,1428,83.672,1
U,1429,83.672,1
U,1430,83.936,1
U,1431,84.111,1
U,1432,84.111,1
U,1433,84.111,1
U,1434,84.287,1
U,1435,84.463,1
U,1436,84.375,1
U,1437,84.463,1
U,1438,84.375,1
U,1439,84.375,1
U,1440,84.375,1
U,1441,84.375,1
U,1442,84.727,1
U,1443,85.078,1
U,1444,85.254,1
U,1445,85.430,1
U,1446,85.430,1
U,1447,85.342,1
U,1448,85.342,1
U,1449,85.518,1
U,1450,85.781,1
U,1451,85.869,1
U,1452,85.869,1
U,1453,85.869,1
U,1454,85.957,1
U,1455,86.133,1
U,1456,86.309,1
U,1457,86.309,1
U,1458,86.484,1
U,1459,86.748,1
U,1460,87.012,1
U,1461,87.012,1
U,1462,87.012,1
U,1463,87.012,1
U,1464,87.012,1
U,1465,87.100,1
U,1466,87.363,1
U,1467,87.451,1
U,1468,87.451,1
U,1469,87.451,1
U,1470,87.451,1
U,1471,87.451,1
U,1472,87.451,1
U,1473,87.451,1
U,1474,87.451,1
U,1475,87.451,1
U,1476,87.451,1
U,1477,87.627,1
U,1478,87.891,1
U,1479,88.154,1
U,1480,88.154,1
U,1481,88.242,1
U,1482,88.418,1
U,1483,88.506,1
U,1484,88.594,1
U,1485,88.857,1
U,1486,88.857,1
U,1487,88.770,1
U,1488,88.770,1
U,1489,88.770,1
U,1490,88.945,1
U,1491,89.209,1
U,1492,89.385,1
U,1493,89.297,1
U,1494,89.297,1
U,1495,89.297,1
U,1496,89.561,1
U,1497,89.824,1
U,1498,89.824,1
U,1499,89.824,1
U,1500,89.736,1
U,1501,89.736,1
U,1502,89.736,1
U,1503,89.912,1
U,1504,90.088,1
U,1505,90.264,1
U,1506,90.439,1
U,1507,90.615,1
U,1508,90.703,1
U,1509,90.703,1
U,1510,90.703,1
U,1511,90.703,1
U,1512,90.879,1
U,1513,90.967,1
U,1514,90.879,1
U,1515,90.879,1
U,1516,91.055,1
U,1517,91.230,1
U,1518,91.318,1
U,1519,91.318,1
U,1520,91.318,1
U,1521,91.494,1
U,1522,91.670,1
U,1523,91.846,1
U,1524,91.934,1
U,1525,92.021,1
U,1526,92.109,1
U,1527,92.109,1
U,1528,92.109,1
U,1529,92.109,1
U,1530,92.285,1
U,1531,92.549,1
U,1532,92.637,1
U,1533,92.549,1
U,1534,92.549,1
U,1535,92.549,1
U,1536,92.549,1
U,1537,92.637,1
U,1538,92.812,1
U,1539,92.988,1
U,1540,93.076,1
U,1541,92.988,1
U,1542,93.076,1
U,1543,93.076,1
U,1544,93.076,1
U,1545,93.076,1
U,1546,93.252,1
U,1547,93.604,1
U,1548,93.691,1
U,1549,93.691,1
U,1550,93.779,1
U,1551,93.955,1
U,1552,94.043,1
U,1553,94.219,1
U,1554,94.307,1
U,1555,94.219,1
U,1556,94.219,1
U,1557,94.219,1
U,1558,94.395,1
U,1559,94.658,1
U,1560,94.746,1
U,1561,94.658,1
U,1562,94.658,1
U,1563,94.658,1
U,1564,94.746,1
U,1565,94.922,1
U,1566,95.273,1
U,1567,95.537,1
U,1568,95.625,1
U,1569,95.625,1
U,1570,95.625,1
U,1571,95.625,1
U,1572,95.625,1
U,1573,95.625,1
U,1574,95.625,1
U,1575,95.801,1
U,1576,96.064,1
U,1577,96.328,1
U,1578,96.328,1
U,1579,96.328,1
U,1580,96.504,1
U,1581,96.504,1
U,1582,96.504,1
U,1583,96.504,1
U,1584,96.680,1
U,1585,96.768,1
U,1586,96.768,1
U,1587,96.768,1
U,1588,97.031,1
U,1589,97.295,1
U,1590,97.559,1
U,1591,97.471,1
U,1592,97.559,1
U,1593,97.646,1
U,1594,97.646,1
U,1595,97.910,1
U,1596,98.350,1
U,1597,98.437,1
U,1598,98.350,1
U,1599,98.350,1
U,1600,98.350,1
U,1601,98.350,1
U,1602,98.350,1
U,1603,98.350,1
U,1604,98.350,1
U,1605,98.350,1
U,1606,98.350,1
U,1607,98.350,1
U,1608,98.437,1
U,1609,98.701,1
U,1610,98.877,1
U,1611,98.877,1
U,1612,98.965,1
U,1613,99.229,1
U,1614,99.404,1
U,1615,99.492,1
U,1616,99.580,1
U,1617,99.932,1
U,1618,100.107,1
U,1619,100.020,1
U,1620,100.020,1
U,1621,100.020,1
U,1622,100.195,1
U,1623,100.459,1
U,1624,100.547,1
U,1625,100.459,1
U,1626,100.459,1
U,1627,100.459,1
U,1628,100.459,1
U,1629,100.459,1
U,1630,100.635,1
U,1631,100.986,1
U,1632,101.162,1
U,1633,101.162,1
U,1634,101.162,1
U,1635,101.162,1
U,1636,101.602,1
U,1637,101.953,1
U,1638,102.129,1
U,1639,102.129,1
U,1640,102.129,1
U,1641,102.129,1
U,1642,102.129,1
U,1643,102.129,1
U,1644,102.217,1
U,1645,102.129,1
U,1646,102.129,1
U,1647,102.217,1
U,1648,102.305,1
U,1649,102.480,1
U,1650,102.568,1
U,1651,102.568,1
U,1652,102.744,1
U,1653,102.656,1
U,1654,102.656,1
U,1655,102.656,1
U,1656,102.832,1
U,1657,103.184,1
U,1658,103.359,1
U,1659,103.359,1
U,1660,103.359,1
U,1661,103.359,1
U,1662,103.535,1
U,1663,103.799,1
U,1664,103.799,1
U,1665,103.799,1
U,1666,103.975,1
U,1667,104.238,1
U,1668,104.238,1
U,1669,104.238,1
U,1670,104.238,1
U,1671,104.238,1
U,1672,104.414,1
U,1673,104.678,1
U,1674,104.854,1
U,1675,104.941,1
U,1676,104.941,1
U,1677,104.941,1
U,1678,105.117,1
U,1679,105.117,1
U,1680,105.117,1
U,1681,105.293,1
U,1682,105.293,1
U,1683,105.469,1
U,1684,105.820,1
U,1685,105.908,1
U,1686,105.908,1
U,1687,105.908,1
U,1688,105.996,1
U,1689,106.172,1
U,1690,106.260,1
U,1691,106.260,1
U,1692,106.260,1
U,1693,106.260,1
U,1694,106.523,1
U,1695,106.699,1
U,1696,106.699,1
U,1697,106.699,1
U,1698,106.699,1
U,1699,106.787,1
U,1700,107.139,1
U,1701,107.227,1
U,1702,107.139,1
U,1703,107.139,1
U,1704,107.314,1
U,1705,107.490,1
U,1706,107.578,1
U,1707,107.578,1
U,1708,107.666,1
U,1709,107.666,1
U,1710,108.105,1
U,1711,108.633,1
U,1712,108.809,1
U,1713,108.809,1
U,1714,108.721,1
U,1715,108.809,1
U,1716,108.809,1
U,1717,108.809,1
U,1718,108.809,1
U,1719,108.809,1
U,1720,108.809,1
U,1721,108.809,1
U,1722,108.809,1
U,1723,108.809,1
U,1724,108.896,1
U,1725,109.160,1
U,1726,109.336,1
U,1727,109.688,1
U,1728,109.863,1
U,1729,109.951,1
U,1730,109.951,1
U,1731,110.039,1
U,1732,110.127,1
U,1733,110.215,1
U,1734,110.215,1
U,1735,110.391,1
U,1736,110.654,1
U,1737,110.742,1
U,1738,110.742,1
U,1739,110.742,1
U,1740,110.742,1
U,1741,111.006,1
U,1742,111.006,1
U,1743,110.918,1
U,1744,110.918,1
U,1745,111.094,1
U,1746,111.270,1
U,1747,111.445,1
U,1748,111.357,1
U,1749,111.533,1
U,1750,111.621,1
U,1751,111.621,1
U,1752,111.621,1
U,1753,111.797,1
U,1754,111.973,1
U,1755,112.148,1
U,1756,112.236,1
U,1757,112.236,1
U,1758,112.236,1
U,1759,112.236,1
U,1760,112.500,1
U,1761,112.764,1
U,1762,112.852,1
U,1763,112.939,1
U,1764,112.939,1
U,1765,112.939,1
U,1766,113.027,1
U,1767,113.203,1
U,1768,113.203,1
U,1769,113.203,1
U,1770,113.555,1
U,1771,113.906,1
U,1772,113.994,1
U,1773,113.994,1
U,1774,113.994,1
U,1775,113.994,1
U,1776,113.994,1
U,1777,113.994,1
U,1778,114.082,1
U,1779,114.346,1
U,1780,114.434,1
U,1781,114.434,1
U,1782,114.434,1
U,1783,114.434,1
U,1784,114.521,1
U,1785,114.697,1
U,1786,114.873,1
U,1787,115.049,1
U,1788,115.137,1
U,1789,115.137,1
U,1790,115.137,1
U,1791,115.137,1
U,1792,115.225,1
U,1793,115.488,1
U,1794,115.576,1
U,1795,115.576,1
U,1796,115.752,1
U,1797,116.016,1
U,1798,116.191,1
U,1799,116.104,1
U,1800,116.104,1
U,1801,116.016,1
U,1802,116.104,1
U,1803,116.367,1
U,1804,116.631,1
U,1805,116.807,1
U,1806,116.807,1
U,1807,116.719,1
U,1808,116.807,1
U,1809,116.982,1
U,1810,117.158,1
U,1811,117.246,1
U,1812,117.246,1
U,1813,117.246,1
U,1814,117.334,1
U,1815,117.334,1
U,1816,117.246,1
U,1817,117.246,1
U,1818,117.598,1
U,1819,118.213,1
U,1820,118.389,1
U,1821,118.389,1
U,1822,118.389,1
U,1823,118.389,1
U,1824,118.389,1
U,1825,118.389,1
U,1826,118.389,1
U,1827,118.389,1
U,1828,118.389,1
U,1829,118.389,1
U,1830,118.389,1
U,1831,118.389,1
U,1832,118.389,1
U,1833,118.652,1
U,1834,119.092,1
U,1835,119.355,1
U,1836,119.443,1
U,1837,119.531,1
U,1838,119.531,1
U,1839,119.443,1
U,1840,119.531,1
U,1841,119.531,1
U,1842,119.707,1
U,1843,119.883,1
U,1844,119.971,1
U,1845,119.971,1
U,1846,120.059,1
U,1847,120.410,1
U,1848,120.586,1
U,1849,120.674,1
U,1850,120.586,1
U,1851,120.586,1
U,1852,120.586,1
U,1853,120.586,1
U,1854,120.586,1
U,1855,120.674,1
U,1856,120.938,1
U,1857,121.113,1
U,1858,121.201,1
U,1859,121.289,1
U,1860,121.377,1
U,1861,121.641,1
U,1862,121.816,1
U,1863,121.729,1
U,1864,121.729,1
U,1865,121.729,1
U,1866,121.816,1
U,1867,121.992,1
U,1868,122.256,1
U,1869,122.256,1
U,1870,122.256,1
U,1871,122.168,1
U,1872,122.168,1
U,1873,122.168,1
U,1874,122.344,1
U,1875,122.607,1
U,1876,122.695,1
U,1877,122.695,1
U,1878,122.783,1
U,1879,122.959,1
U,1880,123.135,1
U,1881,123.311,1
U,1882,123.574,1
U,1883,123.750,1
U,1884,123.750,1
U,1885,123.662,1
U,1886,123.662,1
U,1887,123.662,1
U,1888,123.662,1
U,1889,123.662,1
U,1890,123.750,1
U,1891,124.102,1
U,1892,124.365,1
U,1893,124.365,1
U,1894,124.365,1
U,1895,124.365,1
U,1896,124.541,1
U,1897,124.717,1
U,1898,124.805,1
U,1899,124.805,1
U,1900,124.805,1
U,1901,124.980,1
U,1902,125.244,1
U,1903,125.420,1
U,1904,125.420,1
U,1905,125.332,1
U,1906,125.332,1
U,1907,125.332,1
U,1908,125.332,1
U,1909,125.596,1
U,1910,125.947,1
U,1911,126.035,1
U,1912,126.035,1
U,1913,126.035,1
U,1914,126.035,1
U,1915,126.299,1
U,1916,126.475,1
U,1917,126.475,1
U,1918,126.650,1
U,1919,126.738,1
U,1920,126.738,1
U,1921,126.650,1
U,1922,126.738,1
U,1923,126.914,1
U,1924,127.090,1
U,1925,127.178,1
U,1926,127.178,1
U,1927,127.266,1
U,1928,127.441,1
U,1929,127.441,1
U,1930,127.441,1
U,1931,127.705,1
U,1932,127.881,1
U,1933,127.881,1
U,1934,127.881,1
U,1935,128.145,1
U,1936,128.320,1
U,1937,128.320,1
U,1938,128.496,1
U,1939,128.584,1
U,1940,128.496,1
U,1941,128.496,1
U,1942,128.496,1
U,1943,128.672,1
U,1944,128.848,1
U,1945,128.936,1
U,1946,128.936,1
U,1947,129.023,1
U,1948,129.199,1
U,1949,129.287,1
U,1950,129.287,1
U,1951,129.375,1
U,1952,129.551,1
U,1953,129.727,1
U,1954,129.814,1
U,1955,129.990,1
U,1956,130.254,1
U,1957,130.342,1
U,1958,130.254,1
U,1959,130.254,1
U,1960,130.342,1
U,1961,130.254,1
U,1962,130.254,1
U,1963,130.605,1
U,1964,130.869,1
U,1965,130.957,1
U,1966,131.045,1
U,1967,131.221,1
U,1968,131.133,1
U,1969,131.133,1
U,1970,131.133,1
U,1971,131.309,1
U,1972,131.396,1
U,1973,131.396,1
U,1974,131.396,1
U,1975,131.572,1
U,1976,131.660,1
U,1977,131.748,1
U,1978,131.748,1
U,1979,131.748,1
U,1980,131.924,1
U,1981,132.187,1
U,1982,132.363,1
U,1983,132.275,1
U,1984,132.363,1
U,1985,132.627,1
U,1986,132.803,1
U,1987,132.715,1
U,1988,132.891,1
U,1989,133.154,1
U,1990,133.330,1
U,1991,133.330,1
U,1992,133.418,1
U,1993,133.506,1
U,1994,133.506,1
U,1995,133.418,1
U,1996,133.418,1
U,1997,133.506,1
U,1998,133.770,1
U,1999,134.121,1
U,2000,134.297,1
U,2001,134.385,1
U,2002,134.385,1
U,2003,134.385,1
U,2004,134.385,1
U,2005,134.561,1
U,2006,134.824,1
U,2007,134.824,1
U,2008,134.824,1
U,2009,135.000,1
U,2010,135.264,1
U,2011,135.439,1
U,2012,135.439,1
U,2013,135.439,1
U,2014,135.439,1
U,2015,135.615,1
U,2016,135.879,1
U,2017,135.967,1
U,2018,136.055,1
U,2019,135.967,1
U,2020,135.967,1
U,2021,135.967,1
U,2022,135.967,1
U,2023,135.967,1
U,2024,136.230,1
U,2025,136.582,1
U,2026,136.670,1
U,2027,136.670,1
U,2028,136.670,1
U,2029,136.846,1
U,2030,137.021,1
U,2031,137.197,1
U,2032,137.109,1
U,2033,137.109,1
U,2034,137.109,1
U,2035,137.373,1
U,2036,137.549,1
U,2037,137.725,1
U,2038,137.900,1
U,2039,137.900,1
U,2040,137.988,1
U,2041,138.164,1
U,2042,138.164,1
U,2043,138.164,1
U,2044,138.164,1
U,2045,138.164,1
U,2046,138.164,1
U,2047,138.164,1
U,2048,138.164,1
U,2049,138.252,1
U,2050,138.516,1
U,2051,138.691,1
U,2052,138.867,1
U,2053,139.131,1
U,2054,139.219,1
U,2055,139.307,1
U,2056,139.307,1
U,2057,139.307,1
U,2058,139.307,1
U,2059,139.307,1
U,2060,139.307,1
U,2061,139.307,1
U,2062,139.482,1
U,2063,139.746,1
U,2064,139.746,1
U,2065,139.746,1
U,2066,140.010,1
U,2067,140.010,1
U,2068,140.010,1
U,2069,139.922,1
U,2070,140.010,1
U,2071,140.273,1
U,2072,140.537,1
U,2073,140.537,1
U,2074,140.625,1
U,2075,140.801,1
U,2076,140.889,1
U,2077,140.889,1
U,2078,140.889,1
U,2079,141.152,1
U,2080,141.416,1
U,2081,141.592,1
U,2082,141.592,1
U,2083,141.592,1
U,2084,141.592,1
U,2085,141.592,1
U,2086,141.592,1
U,2087,141.680,1
U,2088,141.855,1
U,2089,142.031,1
U,2090,142.031,1
U,2091,142.031,1
U,2092,142.031,1
U,2093,142.031,1
U,2094,142.119,1
U,2095,142.295,1
U,2096,142.383,1
U,2097,142.471,1
U,2098,142.646,1
U,2099,142.910,1
U,2100,143.262,1
U,2101,143.350,1
U,2102,143.437,1
U,2103,143.525,1
U,2104,143.613,1
U,2105,143.613,1
U,2106,143.613,1
U,2107,143.789,1
U,2108,143.877,1
U,2109,143.877,1
U,2110,143.877,1
U,2111,143.965,1
U,2112,144.229,1
U,2113,144.316,1
U,2114,144.316,1
U,2115,144.316,1
U,2116,144.580,1
U,2117,144.756,1
U,2118,144.756,1
U,2119,144.756,1
U,2120,144.756,1
U,2121,144.756,1
U,2122,144.756,1
U,2123,144.756,1
U,2124,144.844,1
U,2125,145.107,1
U,2126,145.107,1
U,2127,145.195,1
U,2128,145.283,1
U,2129,145.459,1
U,2130,145.635,1
U,2131,145.635,1
U,2132,145.635,1
U,2133,145.898,1
U,2134,146.074,1
U,2135,146.074,1
U,2136,146.074,1
U,2137,146.162,1
U,2138,146.338,1
U,2139,146.338,1
U,2140,146.338,1
U,2141,146.338,1
U,2142,146.602,1
U,2143,146.777,1
U,2144,146.777,1
U,2145,146.777,1
U,2146,146.689,1
U,2147,146.689,1
U,2148,146.689,1
U,2149,146.689,1
U,2150,146.865,1
U,2151,147.217,1
U,2152,147.305,1
U,2153,147.393,1
U,2154,147.393,1
U,2155,147.568,1
U,2156,147.832,1
U,2157,147.832,1
U,2158,147.920,1
U,2159,148.096,1
U,2160,148.096,1
U,2161,148.096,1
U,2162,148.096,1
U,2163,148.359,1
U,2164,148.623,1
U,2165,148.711,1
U,2166,148.711,1
U,2167,148.711,1
U,2168,148.799,1
U,2169,149.063,1
U,2170,149.326,1
U,2171,149.414,1
U,2172,149.414,1
U,2173,149.414,1
U,2174,149.678,1
U,2175,149.854,1
U,2176,150.029,1
U,2177,150.117,1
U,2178,150.117,1
U,2179,150.117,1
U,2180,150.117,1
U,2181,150.117,1
U,2182,150.205,1
U,2183,150.469,1
U,2184,150.557,1
U,2185,150.557,1
U,2186,150.557,1
U,2187,150.557,1
U,2188,150.557,1
U,2189,150.557,1
U,2190,150.645,1
U,2191,150.908,1
U,2192,151.172,1
U,2193,151.260,1
U,2194,151.436,1
U,2195,151.699,1
U,2196,151.787,1
U,2197,151.787,1
U,2198,151.699,1
U,2199,151.787,1
U,2200,151.787,1
U,2201,151.963,1
U,2202,152.227,1
U,2203,152.314,1
U,2204,152.314,1
U,2205,152.314,1
U,2206,152.314,1
U,2207,152.314,1
U,2208,152.314,1
U,2209,152.314,1
U,2210,152.578,1
U,2211,152.930,1
U,2212,153.105,1
U,2213,153.018,1
U,2214,153.018,1
U,2215,153.105,1
U,2216,153.018,1
U,2217,153.018,1
U,2218,153.018,1
U,2219,153.281,1
U,2220,153.545,1
U,2221,153.633,1
U,2222,153.721,1
U,2223,153.809,1
U,2224,153.896,1
U,2225,153.896,1
U,2226,153.984,1
U,2227,154.336,1
U,2228,154.424,1
U,2229,154.336,1
U,2230,154.336,1
U,2231,154.424,1
U,2232,154.688,1
U,2233,154.863,1
U,2234,154.951,1
U,2235,155.127,1
U,2236,155.391,1
U,2237,155.391,1
U,2238,155.391,1
U,2239,155.391,1
U,2240,155.479,1
U,2241,155.566,1
U,2242,155.654,1
U,2243,155.654,1
U,2244,155.654,1
U,2245,155.742,1
U,2246,155.918,1
U,2247,155.918,1
U,2248,156.094,1
U,2249,156.357,1
U,2250,156.533,1
U,2251,156.533,1
U,2252,156.533,1
U,2253,156.621,1
U,2254,156.885,1
U,2255,157.061,1
U,2256,157.061,1
U,2257,157.236,1
U,2258,157.324,1
U,2259,157.412,1
U,2260,157.676,1
U,2261,157.764,1
U,2262,157.676,1
U,2263,157.676,1
U,2264,157.676,1
U,2265,157.676,1
U,2266,157.852,1
U,2267,158.115,1
U,2268,158.115,1
U,2269,158.115,1
U,2270,158.203,1
U,2271,158.467,1
U,2272,158.643,1
U,2273,158.555,1
U,2274,158.555,1
U,2275,158.643,1
U,2276,158.818,1
U,2277,158.906,1
U,2278,158.818,1
U,2279,158.906,1
U,2280,159.170,1
U,2281,159.434,1
U,2282,159.521,1
U,2283,159.521,1
U,2284,159.521,1
U,2285,159.521,1
U,2286,159.697,1
U,2287,159.961,1
U,2288,160.137,1
U,2289,160.137,1
U,2290,160.137,1
U,2291,160.225,1
U,2292,160.225,1
U,2293,160.225,1
U,2294,160.400,1
U,2295,160.488,1
U,2296,160.576,1
U,2297,160.576,1
U,2298,160.664,1
U,2299,160.752,1
U,2300,161.016,1
U,2301,161.104,1
U,2302,161.191,1
U,2303,161.367,1
U,2304,161.367,1
U,2305,161.367,1
U,2306,161.367,1
U,2307,161.455,1
U,2308,161.807,1
U,2309,162.070,1
U,2310,162.070,1
U,2311,161.982,1
U,2312,162.070,1
U,2313,162.334,1
U,2314,162.510,1
U,2315,162.510,1
U,2316,162.510,1
U,2317,162.510,1
U,2318,162.773,1
U,2319,163.037,1
U,2320,163.125,1
U,2321,163.301,1
U,2322,163.389,1
U,2323,163.564,1
U,2324,163.564,1
U,2325,163.564,1
U,2326,163.564,1
U,2327,163.564,1
U,2328,163.564,1
U,2329,163.564,1
U,2330,163.564,1
U,2331,163.652,1
U,2332,163.916,1
U,2333,164.180,1
U,2334,164.268,1
U,2335,164.531,1
U,2336,164.707,1
U,2337,164.707,1
U,2338,164.707,1
U,2339,164.883,1
U,2340,164.971,1
U,2341,164.971,1
U,2342,164.971,1
U,2343,164.971,1
U,2344,165.059,1
U,2345,165.234,1
U,2346,165.234,1
U,2347,165.146,1
U,2348,165.322,1
U,2349,165.586,1
U,2350,165.674,1
U,2351,165.674,1
U,2352,165.762,1
U,2353,166.025,1
U,2354,166.289,1
U,2355,166.289,1
U,2356,166.289,1
U,2357,166.289,1
U,2358,166.289,1
U,2359,166.289,1
U,2360,166.553,1
U,2361,166.904,1
U,2362,167.080,1
U,2363,167.168,1
U,2364,167.256,1
U,2365,167.432,1
U,2366,167.432,1
U,2367,167.432,1
U,2368,167.607,1
U,2369,167.783,1
U,2370,167.871,1
U,2371,167.871,1
U,2372,167.959,1
U,2373,167.959,1
U,2374,167.871,1
U,2375,167.959,1
U,2376,168.135,1
U,2377,168.223,1
U,2378,168.311,1
U,2379,168.311,1
U,2380,168.486,1
U,2381,168.662,1
U,2382,168.750,1
U,2383,168.838,1
U,2384,168.838,1
U,2385,169.102,1
U,2386,169.102,1
U,2387,169.102,1
U,2388,169.189,1
U,2389,169.453,1
U,2390,169.805,1
U,2391,169.980,1
U,2392,169.980,1
U,2393,169.980,1
U,2394,169.980,1
U,2395,169.980,1
U,2396,170.156,1
U,2397,170.156,1
U,2398,170.156,1
U,2399,170.156,1
U,2400,170.156,1
U,2401,170.332,1
U,2402,170.508,1
U,2403,170.420,1
U,2404,170.420,1
U,2405,170.596,1
U,2406,170.859,1
U,2407,170.947,1
U,2408,171.211,1
U,2409,171.387,1
U,2410,171.475,1
U,2411,171.475,1
U,2412,171.475,1
U,2413,171.475,1
U,2414,171.475,1
U,2415,171.738,1
U,2416,172.002,1
U,2417,172.002,1
U,2418,172.002,1
U,2419,172.002,1
U,2420,172.178,1
U,2421,172.441,1
U,2422,172.441,1
U,2423,172.529,1
U,2424,172.793,1
U,2425,173.057,1
U,2426,173.145,1
U,2427,173.145,1
U,2428,173.145,1
U,2429,173.232,1
U,2430,173.320,1
U,2431,173.320,1
U,2432,173.496,1
U,2433,173.672,1
U,2434,173.760,1
U,2435,173.760,1
U,2436,173.760,1
U,2437,173.848,1
U,2438,174.111,1
U,2439,174.287,1
U,2440,174.199,1
U,2441,174.199,1
U,2442,174.199,1
U,2443,174.199,1
U,2444,174.199,1
U,2445,174.375,1
U,2446,174.814,1
U,2447,174.902,1
U,2448,174.902,1
U,2449,174.902,1
U,2450,174.990,1
U,2451,175.078,1
U,2452,175.078,1
U,2453,175.078,1
U,2454,175.166,1
U,2455,175.166,1
U,2456,175.166,1
U,2457,175.166,1
U,2458,175.254,1
U,2459,175.605,1
U,2460,175.957,1
U,2461,176.133,1
U,2462,176.309,1
U,2463,176.572,1
U,2464,176.660,1
U,2465,176.748,1
U,2466,176.748,1
U,2467,176.836,1
U,2468,176.836,1
U,2469,177.100,1
U,2470,177.363,1
U,2471,177.539,1
U,2472,177.539,1
U,2473,177.539,1
U,2474,177.539,1
U,2475,177.627,1
U,2476,177.891,1
U,2477,177.978,1
U,2478,177.978,1
U,2479,178.066,1
U,2480,178.066,1
U,2481,178.066,1
U,2482,178.066,1
U,2483,178.154,1
U,2484,178.330,1
U,2485,178.418,1
U,2486,178.418,1
U,2487,178.418,1
U,2488,178.418,1
U,2489,178.506,1
U,2490,178.770,1
U,2491,178.945,1
U,2492,179.033,1
U,2493,179.209,1
U,2494,179.209,1
U,2495,179.209,1
U,2496,179.209,1
U,2497,179.385,1
U,2498,179.824,1
U,2499,180.088,1
U,2500,180.264,1
D,2500,180.352,1
D,2499,180.264,1
D,2498,180.264,1
D,2497,180.352,1
D,2496,180.264,1
D,2495,180.264,1
D,2494,180.264,1
D,2493,180.264,1
D,2492,180.264,1
D,2491,180.264,1
D,2490,180.264,1
D,2489,180.264,1
D,2488,180.264,1
D,2487,180.264,1
D,2486,180.176,1
D,2485,180.000,1
D,2484,179.561,1
D,2483,179.385,1
D,2482,179.297,1
D,2481,179.385,1
D,2480,179.385,1
D,2479,179.385,1
D,2478,179.297,1
D,2477,179.033,1
D,2476,178.770,1
D,2475,178.506,1
D,2474,178.418,1
D,2473,178.330,1
D,2472,178.154,1
D,2471,178.066,1
D,2470,178.066,1
D,2469,178.066,1
D,2468,177.891,1
D,2467,177.803,1
D,2466,177.803,1
D,2465,177.803,1
D,2464,177.627,1
D,2463,177.451,1
D,2462,177.275,1
D,2461,177.363,1
D,2460,177.363,1
D,2459,177.187,1
D,2458,177.100,1
D,2457,177.012,1
D,2456,176.924,1
D,2455,176.924,1
D,2454,176.924,1
D,2453,176.924,1
D,2452,176.924,1
D,2451,176.660,1
D,2450,176.309,1
D,2449,176.133,1
D,2448,176.045,1
D,2447,176.045,1
D,2446,176.045,1
D,2445,176.045,1
D,2444,176.045,1
D,2443,176.045,1
D,2442,175.781,1
D,2441,175.605,1
D,2440,175.518,1
D,2439,175.518,1
D,2438,175.342,1
D,2437,175.166,1
D,2436,174.902,1
D,2435,174.727,1
D,2434,174.551,1
D,2433,174.463,1
D,2432,174.463,1
D,2431,174.375,1
D,2430,174.287,1
D,2429,174.199,1
D,2428,174.199,1
D,2427,174.199,1
D,2426,174.199,1
D,2425,174.199,1
D,2424,174.199,1
D,2423,174.199,1
D,2422,174.111,1
D,2421,173.936,1
D,2420,173.672,1
D,2419,173.760,1
D,2418,173.760,1
D,2417,173.496,1
D,2416,173.145,1
D,2415,172.969,1
D,2414,172.969,1
D,2413,172.793,1
D,2412,172.529,1
D,2411,172.441,1
D,2410,172.441,1
D,2409,172.441,1
D,2408,172.441,1
D,2407,172.266,1
D,2406,172.090,1
D,2405,172.002,1
D,2404,172.002,1
D,2403,172.002,1
D,2402,171.914,1
D,2401,171.738,1
D,2400,171.475,1
D,2399,171.475,1
D,2398,171.475,1
D,2397,171.211,1
D,2396,170.947,1
D,2395,170.859,1
D,2394,170.859,1
D,2393,170.771,1
D,2392,170.684,1
D,2391,170.684,1
D,2390,170.684,1
D,2389,170.684,1
D,2388,170.508,1
D,2387,170.332,1
D,2386,170.156,1
D,2385,170.156,1
D,2384,169.980,1
D,2383,169.805,1
D,2382,169.805,1
D,2381,169.805,1
D,2380,169.805,1
D,2379,169.629,1
D,2378,169.453,1
D,2377,169.365,1
D,2376,169.365,1
D,2375,169.365,1
D,2374,169.277,1
D,2373,169.014,1
D,2372,169.014,1
D,2371,169.102,1
D,2370,168.926,1
D,2369,168.750,1
D,2368,168.662,1
D,2367,168.662,1
D,2366,168.574,1
D,2365,168.311,1
D,2364,168.223,1
D,2363,168.223,1
D,2362,168.135,1
D,2361,167.959,1
D,2360,167.871,1
D,2359,167.783,1
D,2358,167.783,1
D,2357,167.607,1
D,2356,167.432,1
D,2355,167.344,1
D,2354,167.344,1
D,2353,167.344,1
D,2352,167.344,1
D,2351,167.344,1
D,2350,167.344,1
D,2349,167.080,1
D,2348,166.992,1
D,2347,166.992,1
D,2346,166.992,1
D,2345,166.816,1
D,2344,166.553,1
D,2343,166.377,1
D,2342,166.289,1
D,2341,166.289,1
D,2340,166.201,1
D,2339,165.938,1
D,2338,165.850,1
D,2337,165.586,1
D,2336,165.410,1
D,2335,165.322,1
D,2334,165.322,1
D,2333,165.322,1
D,2332,165.234,1
D,2331,165.059,1
D,2330,164.883,1
D,2329,164.619,1
D,2328,164.443,1
D,2327,164.443,1
D,2326,164.443,1
D,2325,164.443,1
D,2324,164.355,1
D,2323,164.180,1
D,2322,164.180,1
D,2321,164.180,1
D,2320,164.092,1
D,2319,163.916,1
D,2318,163.916,1
D,2317,164.004,1
D,2316,164.004,1
D,2315,163.828,1
D,2314,163.564,1
D,2313,163.477,1
D,2312,163.477,1
D,2311,163.389,1
D,2310,163.125,1
D,2309,162.861,1
D,2308,162.861,1
D,2307,162.861,1
D,2306,162.861,1
D,2305,162.861,1
D,2304,162.861,1
D,2303,162.773,1
D,2302,162.598,1
D,2301,162.510,1
D,2300,162.510,1
D,2299,162.422,1
D,2298,162.246,1
D,2297,161.982,1
D,2296,161.631,1
D,2295,161.543,1
D,2294,161.455,1
D,2293,161.455,1
D,2292,161.455,1
D,2291,161.455,1
D,2290,161.279,1
D,2289,161.016,1
D,2288,160.840,1
D,2287,160.840,1
D,2286,160.840,1
D,2285,160.664,1
D,2284,160.400,1
D,2283,160.400,1
D,2282,160.400,1
D,2281,160.400,1
D,2280,160.312,1
D,2279,160.137,1
D,2278,160.137,1
D,2277,160.137,1
D,2276,160.049,1
D,2275,159.873,1
D,2274,159.785,1
D,2273,159.609,1
D,2272,159.609,1
D,2271,159.521,1
D,2270,159.521,1
D,2269,159.521,1
D,2268,159.346,1
D,2267,159.082,1
D,2266,159.082,1
D,2265,159.082,1
D,2264,158.994,1
D,2263,158.730,1
D,2262,158.730,1
D,2261,158.730,1
D,2260,158.643,1
D,2259,158.379,1
D,2258,158.203,1
D,2257,158.203,1
D,2256,158.115,1
D,2255,158.027,1
D,2254,157.852,1
D,2253,157.852,1
D,2252,157.939,1
D,2251,157.764,1
D,2250,157.588,1
D,2249,157.500,1
D,2248,157.500,1
D,2247,157.412,1
D,2246,157.236,1
D,2245,157.148,1
D,2244,157.061,1
D,2243,157.061,1
D,2242,156.797,1
D,2241,156.621,1
D,2240,156.533,1
D,2239,156.533,1
D,2238,156.533,1
D,2237,156.445,1
D,2236,156.182,1
D,2235,156.094,1
D,2234,156.094,1
D,2233,156.006,1
D,2232,155.830,1
D,2231,155.742,1
D,2230,155.654,1
D,2229,155.566,1
D,2228,155.566,1
D,2227,155.566,1
D,2226,155.566,1
D,2225,155.391,1
D,2224,155.127,1
D,2223,154.863,1
D,2222,154.863,1
D,2221,154.688,1
D,2220,154.512,1
D,2219,154.512,1
D,2218,154.512,1
D,2217,154.512,1
D,2216,154.424,1
D,2215,154.248,1
D,2214,154.072,1
D,2213,153.984,1
D,2212,153.809,1
D,2211,153.721,1
D,2210,153.633,1
D,2209,153.633,1
D,2208,153.633,1
D,2207,153.457,1
D,2206,153.369,1
D,2205,153.457,1
D,2204,153.457,1
D,2203,153.281,1
D,2202,153.018,1
D,2201,152.930,1
D,2200,152.930,1
D,2199,153.018,1
D,2198,152.842,1
D,2197,152.754,1
D,2196,152.754,1
D,2195,152.666,1
D,2194,152.402,1
D,2193,152.314,1
D,2192,152.227,1
D,2191,152.139,1
D,2190,152.051,1
D,2189,152.139,1
D,2188,152.051,1
D,2187,151.875,1
D,2186,151.699,1
D,2185,151.436,1
D,2184,151.260,1
D,2183,151.084,1
D,2182,150.996,1
D,2181,150.996,1
D,2180,150.996,1
D,2179,150.996,1
D,2178,150.908,1
D,2177,150.820,1
D,2176,150.820,1
D,2175,150.645,1
D,2174,150.381,1
D,2173,150.205,1
D,2172,150.205,1
D,2171,150.117,1
D,2170,149.941,1
D,2169,149.766,1
D,2168,149.678,1
D,2167,149.678,1
D,2166,149.678,1
D,2165,149.590,1
D,2164,149.414,1
D,2163,149.414,1
D,2162,149.414,1
D,2161,149.326,1
D,2160,149.150,1
D,2159,149.063,1
D,2158,149.063,1
D,2157,149.063,1
D,2156,148.975,1
D,2155,148.975,1
D,2154,148.975,1
D,2153,148.975,1
D,2152,148.975,1
D,2151,148.799,1
D,2150,148.535,1
D,2149,148.271,1
D,2148,148.184,1
D,2147,147.920,1
D,2146,147.744,1
D,2145,147.656,1
D,2144,147.656,1
D,2143,147.568,1
D,2142,147.393,1
D,2141,147.393,1
D,2140,147.393,1
D,2139,147.393,1
D,2138,147.217,1
D,2137,147.129,1
D,2136,147.129,1
D,2135,147.129,1
D,2134,147.041,1
D,2133,146.777,1
D,2132,146.689,1
D,2131,146.777,1
D,2130,146.602,1
D,2129,146.426,1
D,2128,146.338,1
D,2127,146.338,1
D,2126,146.250,1
D,2125,146.162,1
D,2124,146.074,1
D,2123,146.074,1
D,2122,146.074,1
D,2121,145.986,1
D,2120,145.811,1
D,2119,145.723,1
D,2118,145.723,1
D,2117,145.459,1
D,2116,145.371,1
D,2115,145.371,1
D,2114,145.195,1
D,2113,145.020,1
D,2112,144.932,1
D,2111,144.932,1
D,2110,144.844,1
D,2109,144.668,1
D,2108,144.492,1
D,2107,144.492,1
D,2106,144.492,1
D,2105,144.316,1
D,2104,144.316,1
D,2103,144.316,1
D,2102,144.141,1
D,2101,144.053,1
D,2100,143.965,1
D,2099,143.877,1
D,2098,143.789,1
D,2097,143.789,1
D,2096,143.789,1
D,2095,143.877,1
D,2094,143.613,1
D,2093,143.437,1
D,2092,143.350,1
D,2091,143.437,1
D,2090,143.350,1
D,2089,143.086,1
D,2088,142.910,1
D,2087,142.910,1
D,2086,142.998,1
D,2085,142.910,1
D,2084,142.734,1
D,2083,142.734,1
D,2082,142.734,1
D,2081,142.471,1
D,2080,142.207,1
D,2079,141.855,1
D,2078,141.768,1
D,2077,141.768,1
D,2076,141.592,1
D,2075,141.592,1
D,2074,141.592,1
D,2073,141.592,1
D,2072,141.592,1
D,2071,141.416,1
D,2070,141.416,1
D,2069,141.416,1
D,2068,141.240,1
D,2067,141.064,1
D,2066,141.064,1
D,2065,140.889,1
D,2064,140.801,1
D,2063,140.713,1
D,2062,140.713,1
D,2061,140.713,1
D,2060,140.537,1
D,2059,140.361,1
D,2058,140.361,1
D,2057,140.449,1
D,2056,140.273,1
D,2055,140.098,1
D,2054,140.010,1
D,2053,140.010,1
D,2052,139.922,1
D,2051,139.746,1
D,2050,139.482,1
D,2049,139.395,1
D,2048,139.307,1
D,2047,139.307,1
D,2046,139.395,1
D,2045,139.307,1
D,2044,139.307,1
D,2043,139.131,1
D,2042,139.043,1
D,2041,139.043,1
D,2040,139.043,1
D,2039,138.955,1
D,2038,138.691,1
D,2037,138.516,1
D,2036,138.428,1
D,2035,138.340,1
D,2034,138.164,1
D,2033,138.164,1
D,2032,138.164,1
D,2031,138.164,1
D,2030,137.900,1
D,2029,137.725,1
D,2028,137.725,1
D,2027,137.637,1
D,2026,137.549,1
D,2025,137.549,1
D,2024,137.549,1
D,2023,137.549,1
D,2022,137.373,1
D,2021,137.197,1
D,2020,137.109,1
D,2019,137.109,1
D,2018,137.109,1
D,2017,136.934,1
D,2016,136.758,1
D,2015,136.670,1
D,2014,136.670,1
D,2013,136.494,1
D,2012,136.318,1
D,2011,136.230,1
D,2010,136.230,1
D,2009,136.230,1
D,2008,136.055,1
D,2007,135.879,1
D,2006,135.879,1
D,2005,135.879,1
D,2004,135.615,1
D,2003,135.439,1
D,2002,135.352,1
D,2001,135.352,1
D,2000,135.264,1
D,1999,135.088,1
D,1998,135.088,1
D,1997,135.088,1
D,1996,134.912,1
D,1995,134.736,1
D,1994,134.648,1
D,1993,134.648,1
D,1992,134.648,1
D,1991,134.648,1
D,1990,134.473,1
D,1989,134.297,1
D,1988,134.121,1
D,1987,133.857,1
D,1986,133.770,1
D,1985,133.770,1
D,1984,133.682,1
D,1983,133.506,1
D,1982,133.506,1
D,1981,133.506,1
D,1980,133.506,1
D,1979,133.330,1
D,1978,133.242,1
D,1977,133.242,1
D,1976,133.242,1
D,1975,133.242,1
D,1974,133.154,1
D,1973,132.803,1
D,1972,132.715,1
D,1971,132.539,1
D,1970,132.451,1
D,1969,132.451,1
D,1968,132.363,1
D,1967,132.187,1
D,1966,132.012,1
D,1965,131.924,1
D,1964,131.924,1
D,1963,131.836,1
D,1962,131.660,1
D,1961,131.484,1
D,1960,131.484,1
D,1959,131.484,1
D,1958,131.484,1
D,1957,131.484,1
D,1956,131.396,1
D,1955,131.045,1
D,1954,130.869,1
D,1953,130.781,1
D,1952,130.693,1
D,1951,130.605,1
D,1950,130.518,1
D,1949,130.605,1
D,1948,130.605,1
D,1947,130.430,1
D,1946,130.166,1
D,1945,130.078,1
D,1944,130.166,1
D,1943,130.078,1
D,1942,130.078,1
D,1941,130.078,1
D,1940,129.814,1
D,1939,129.551,1
D,1938,129.287,1
D,1937,129.199,1
D,1936,129.199,1
D,1935,129.111,1
D,1934,129.023,1
D,1933,129.023,1
D,1932,129.023,1
D,1931,128.936,1
D,1930,128.760,1
D,1929,128.672,1
D,1928,128.584,1
D,1927,128.584,1
D,1926,128.408,1
D,1925,128.145,1
D,1924,127.969,1
D,1923,127.881,1
D,1922,127.881,1
D,1921,127.969,1
D,1920,127.793,1
D,1919,127.705,1
D,1918,127.705,1
D,1917,127.705,1
D,1916,127.617,1
D,1915,127.441,1
D,1914,127.354,1
D,1913,127.354,1
D,1912,127.090,1
D,1911,126.914,1
D,1910,126.914,1
D,1909,127.002,1
D,1908,127.002,1
D,1907,127.002,1
D,1906,126.738,1
D,1905,126.475,1
D,1904,126.475,1
D,1903,126.563,1
D,1902,126.387,1
D,1901,126.211,1
D,1900,125.947,1
D,1899,125.771,1
D,1898,125.684,1
D,1897,125.684,1
D,1896,125.684,1
D,1895,125.684,1
D,1894,125.596,1
D,1893,125.420,1
D,1892,125.332,1
D,1891,125.332,1
D,1890,125.420,1
D,1889,125.332,1
D,1888,125.068,1
D,1887,124.805,1
D,1886,124.717,1
D,1885,124.541,1
D,1884,124.453,1
D,1883,124.541,1
D,1882,124.541,1
D,1881,124.541,1
D,1880,124.365,1
D,1879,124.189,1
D,1878,124.277,1
D,1877,124.277,1
D,1876,124.277,1
D,1875,124.102,1
D,1874,124.014,1
D,1873,123.926,1
D,1872,123.662,1
D,1871,123.398,1
D,1870,123.311,1
D,1869,123.398,1
D,1868,123.223,1
D,1867,123.047,1
D,1866,123.047,1
D,1865,123.135,1
D,1864,122.871,1
D,1863,122.607,1
D,1862,122.520,1
D,1861,122.432,1
D,1860,122.432,1
D,1859,122.344,1
D,1858,122.344,1
D,1857,122.256,1
D,1856,122.168,1
D,1855,122.168,1
D,1854,122.080,1
D,1853,122.080,1
D,1852,121.992,1
D,1851,121.904,1
D,1850,121.816,1
D,1849,121.816,1
D,1848,121.816,1
D,1847,121.729,1
D,1846,121.465,1
D,1845,121.201,1
D,1844,121.113,1
D,1843,121.113,1
D,1842,121.113,1
D,1841,120.850,1
D,1840,120.674,1
D,1839,120.674,1
D,1838,120.498,1
D,1837,120.410,1
D,1836,120.322,1
D,1835,120.322,1
D,1834,120.234,1
D,1833,120.146,1
D,1832,119.971,1
D,1831,119.971,1
D,1830,120.146,1
D,1829,120.146,1
D,1828,119.971,1
D,1827,119.707,1
D,1826,119.443,1
D,1825,119.268,1
D,1824,119.092,1
D,1823,119.092,1
D,1822,119.180,1
D,1821,119.092,1
D,1820,119.004,1
D,1819,118.740,1
D,1818,118.564,1
D,1817,118.652,1
D,1816,118.652,1
D,1815,118.564,1
D,1814,118.389,1
D,1813,118.301,1
D,1812,118.213,1
D,1811,118.125,1
D,1810,118.213,1
D,1809,118.213,1
D,1808,118.213,1
D,1807,118.213,1
D,1806,118.037,1
D,1805,117.686,1
D,1804,117.422,1
D,1803,117.334,1
D,1802,117.334,1
D,1801,117.246,1
D,1800,117.334,1
D,1799,117.334,1
D,1798,117.246,1
D,1797,117.070,1
D,1796,116.895,1
D,1795,116.807,1
D,1794,116.543,1
D,1793,116.367,1
D,1792,116.367,1
D,1791,116.367,1
D,1790,116.367,1
D,1789,116.191,1
D,1788,115.928,1
D,1787,115.840,1
D,1786,115.928,1
D,1785,115.928,1
D,1784,115.928,1
D,1783,115.928,1
D,1782,115.928,1
D,1781,115.840,1
D,1780,115.576,1
D,1779,115.312,1
D,1778,115.225,1
D,1777,115.225,1
D,1776,115.137,1
D,1775,114.961,1
D,1774,114.961,1
D,1773,114.961,1
D,1772,114.697,1
D,1771,114.434,1
D,1770,114.346,1
D,1769,114.346,1
D,1768,114.346,1
D,1767,114.346,1
D,1766,114.346,1
D,1765,114.346,1
D,1764,114.082,1
D,1763,113.906,1
D,1762,113.906,1
D,1761,113.906,1
D,1760,113.730,1
D,1759,113.467,1
D,1758,113.291,1
D,1757,113.291,1
D,1756,113.291,1
D,1755,113.291,1
D,1754,113.291,1
D,1753,113.291,1
D,1752,113.027,1
D,1751,112.852,1
D,1750,112.676,1
D,1749,112.764,1
D,1748,112.676,1
D,1747,112.500,1
D,1746,112.236,1
D,1745,112.236,1
D,1744,112.148,1
D,1743,111.973,1
D,1742,111.973,1
D,1741,112.061,1
D,1740,111.973,1
D,1739,111.797,1
D,1738,111.621,1
D,1737,111.621,1
D,1736,111.357,1
D,1735,111.270,1
D,1734,111.182,1
D,1733,111.182,1
D,1732,111.006,1
D,1731,110.830,1
D,1730,110.918,1
D,1729,110.918,1
D,1728,110.918,1
D,1727,110.830,1
D,1726,110.654,1
D,1725,110.479,1
D,1724,110.479,1
D,1723,110.303,1
D,1722,110.127,1
D,1721,110.215,1
D,1720,110.215,1
D,1719,110.127,1
D,1718,109.863,1
D,1717,109.775,1
D,1716,109.775,1
D,1715,109.775,1
D,1714,109.775,1
D,1713,109.512,1
D,1712,109.248,1
D,1711,108.984,1
D,1710,108.809,1
D,1709,108.721,1
D,1708,108.721,1
D,1707,108.633,1
D,1706,108.633,1
D,1705,108.633,1
D,1704,108.633,1
D,1703,108.369,1
D,1702,108.369,1
D,1701,108.369,1
D,1700,108.369,1
D,1699,108.105,1
D,1698,107.842,1
D,1697,107.754,1
D,1696,107.754,1
D,1695,107.666,1
D,1694,107.578,1
D,1693,107.490,1
D,1692,107.578,1
D,1691,107.490,1
D,1690,107.314,1
D,1689,106.963,1
D,1688,106.963,1
D,1687,106.963,1
D,1686,106.963,1
D,1685,106.875,1
D,1684,106.611,1
D,1683,106.523,1
D,1682,106.523,1
D,1681,106.523,1
D,1680,106.523,1
D,1679,106.611,1
D,1678,106.523,1
D,1677,106.260,1
D,1676,105.996,1
D,1675,105.732,1
D,1674,105.645,1
D,1673,105.645,1
D,1672,105.557,1
D,1671,105.381,1
D,1670,105.205,1
D,1669,105.205,1
D,1668,105.205,1
D,1667,104.941,1
D,1666,104.766,1
D,1665,104.766,1
D,1664,104.678,1
D,1663,104.678,1
D,1662,104.678,1
D,1661,104.678,1
D,1660,104.590,1
D,1659,104.238,1
D,1658,104.062,1
D,1657,104.062,1
D,1656,104.062,1
D,1655,104.062,1
D,1654,104.062,1
D,1653,104.062,1
D,1652,104.062,1
D,1651,103.799,1
D,1650,103.535,1
D,1649,103.271,1
D,1648,103.359,1
D,1647,103.359,1
D,1646,103.271,1
D,1645,103.096,1
D,1644,102.920,1
D,1643,102.656,1
D,1642,102.568,1
D,1641,102.568,1
D,1640,102.656,1
D,1639,102.656,1
D,1638,102.480,1
D,1637,102.305,1
D,1636,102.305,1
D,1635,102.217,1
D,1634,102.129,1
D,1633,102.041,1
D,1632,101.953,1
D,1631,101.953,1
D,1630,101.777,1
D,1629,101.602,1
D,1628,101.514,1
D,1627,101.514,1
D,1626,101.426,1
D,1625,101.250,1
D,1624,101.162,1
D,1623,101.250,1
D,1622,101.250,1
D,1621,100.986,1
D,1620,100.986,1
D,1619,100.986,1
D,1618,100.986,1
D,1617,100.811,1
D,1616,100.547,1
D,1615,100.459,1
D,1614,100.547,1
D,1613,100.547,1
D,1612,100.459,1
D,1611,100.195,1
D,1610,100.107,1
D,1609,100.020,1
D,1608,100.107,1
D,1607,100.107,1
D,1606,100.107,1
D,1605,99.932,1
D,1604,99.668,1
D,1603,99.404,1
D,1602,99.229,1
D,1601,99.229,1
D,1600,99.141,1
D,1599,98.965,1
D,1598,98.965,1
D,1597,98.965,1
D,1596,98.877,1
D,1595,98.701,1
D,1594,98.701,1
D,1593,98.701,1
D,1592,98.701,1
D,1591,98.525,1
D,1590,98.262,1
D,1589,98.174,1
D,1588,98.174,1
D,1587,97.998,1
D,1586,97.822,1
D,1585,97.734,1
D,1584,97.734,1
D,1583,97.646,1
D,1582,97.471,1
D,1581,97.471,1
D,1580,97.559,1
D,1579,97.471,1
D,1578,97.207,1
D,1577,97.031,1
D,1576,97.031,1
D,1575,97.119,1
D,1574,96.943,1
D,1573,96.680,1
D,1572,96.592,1
D,1571,96.504,1
D,1570,96.592,1
D,1569,96.592,1
D,1568,96.592,1
D,1567,96.592,1
D,1566,96.416,1
D,1565,96.240,1
D,1564,95.977,1
D,1563,95.889,1
D,1562,95.801,1
D,1561,95.889,1
D,1560,95.889,1
D,1559,95.889,1
D,1558,95.889,1
D,1557,95.801,1
D,1556,95.625,1
D,1555,95.449,1
D,1554,95.449,1
D,1553,95.449,1
D,1552,95.449,1
D,1551,95.449,1
D,1550,95.186,1
D,1549,94.922,1
D,1548,94.658,1
D,1547,94.395,1
D,1546,94.395,1
D,1545,94.307,1
D,1544,94.307,1
D,1543,94.307,1
D,1542,94.131,1
D,1541,94.043,1
D,1540,94.043,1
D,1539,94.043,1
D,1538,94.043,1
D,1537,93.955,1
D,1536,93.691,1
D,1535,93.516,1
D,1534,93.340,1
D,1533,93.340,1
D,1532,93.340,1
D,1531,93.340,1
D,1530,93.340,1
D,1529,93.340,1
D,1528,93.164,1
D,1527,92.988,1
D,1526,92.725,1
D,1525,92.549,1
D,1524,92.373,1
D,1523,92.373,1
D,1522,92.373,1
D,1521,92.373,1
D,1520,92.373,1
D,1519,92.197,1
D,1518,92.021,1
D,1517,91.934,1
D,1516,91.934,1
D,1515,91.934,1
D,1514,91.934,1
D,1513,91.934,1
D,1512,91.934,1
D,1511,91.934,1
D,1510,91.758,1
D,1509,91.494,1
D,1508,91.494,1
D,1507,91.406,1
D,1506,91.318,1
D,1505,91.143,1
D,1504,91.230,1
D,1503,91.230,1
D,1502,91.055,1
D,1501,90.791,1
D,1500,90.615,1
D,1499,90.527,1
D,1498,90.527,1
D,1497,90.439,1
D,1496,90.176,1
D,1495,90.088,1
D,1494,90.088,1
D,1493,89.912,1
D,1492,89.736,1
D,1491,89.736,1
D,1490,89.736,1
D,1489,89.736,1
D,1488,89.648,1
D,1487,89.473,1
D,1486,89.385,1
D,1485,89.121,1
D,1484,89.121,1
D,1483,89.121,1
D,1482,89.121,1
D,1481,89.121,1
D,1480,89.033,1
D,1479,88.857,1
D,1478,88.857,1
D,1477,88.770,1
D,1476,88.682,1
D,1475,88.594,1
D,1474,88.682,1
D,1473,88.506,1
D,1472,88.330,1
D,1471,88.154,1
D,1470,88.154,1
D,1469,88.154,1
D,1468,88.154,1
D,1467,88.154,1
D,1466,88.154,1
D,1465,87.891,1
D,1464,87.627,1
D,1463,87.451,1
D,1462,87.363,1
D,1461,87.363,1
D,1460,87.451,1
D,1459,87.451,1
D,1458,87.363,1
D,1457,87.451,1
D,1456,87.275,1
D,1455,87.012,1
D,1454,86.660,1
D,1453,86.484,1
D,1452,86.396,1
D,1451,86.309,1
D,1450,86.133,1
D,1449,86.221,1
D,1448,86.221,1
D,1447,86.221,1
D,1446,86.221,1
D,1445,86.221,1
D,1444,86.221,1
D,1443,86.221,1
D,1442,86.045,1
D,1441,85.869,1
D,1440,85.693,1
D,1439,85.693,1
D,1438,85.605,1
D,1437,85.430,1
D,1436,85.254,1
D,1435,85.254,1
D,1434,85.166,1
D,1433,84.990,1
D,1432,84.990,1
D,1431,84.727,1
D,1430,84.551,1
D,1429,84.551,1
D,1428,84.551,1
D,1427,84.551,1
D,1426,84.375,1
D,1425,84.199,1
D,1424,84.111,1
D,1423,84.111,1
D,1422,84.111,1
D,1421,84.023,1
D,1420,84.023,1
D,1419,84.023,1
D,1418,84.023,1
D,1417,83.760,1
D,1416,83.496,1
D,1415,83.320,1
D,1414,83.232,1
D,1413,83.232,1
D,1412,83.057,1
D,1411,82.969,1
D,1410,82.969,1
D,1409,82.969,1
D,1408,82.881,1
D,1407,82.705,1
D,1406,82.441,1
D,1405,82.354,1
D,1404,82.354,1
D,1403,82.178,1
D,1402,82.178,1
D,1401,82.178,1
D,1400,82.178,1
D,1399,82.178,1
D,1398,82.002,1
D,1397,81.826,1
D,1396,81.914,1
D,1395,81.914,1
D,1394,81.738,1
D,1393,81.563,1
D,1392,81.563,1
D,1391,81.563,1
D,1390,81.299,1
D,1389,81.035,1
D,1388,80.859,1
D,1387,80.771,1
D,1386,80.771,1
D,1385,80.771,1
D,1384,80.596,1
D,1383,80.420,1
D,1382,80.508,1
D,1381,80.508,1
D,1380,80.508,1
D,1379,80.420,1
D,1378,80.156,1
D,1377,79.980,1
D,1376,79.893,1
D,1375,79.805,1
D,1374,79.717,1
D,1373,79.805,1
D,1372,79.805,1
D,1371,79.629,1
D,1370,79.453,1
D,1369,79.541,1
D,1368,79.541,1
D,1367,79.453,1
D,1366,79.189,1
D,1365,79.014,1
D,1364,79.014,1
D,1363,78.926,1
D,1362,78.662,1
D,1361,78.486,1
D,1360,78.574,1
D,1359,78.486,1
D,1358,78.311,1
D,1357,78.223,1
D,1356,78.223,1
D,1355,78.047,1
D,1354,78.047,1
D,1353,78.135,1
D,1352,78.135,1
D,1351,77.959,1
D,1350,77.695,1
D,1349,77.520,1
D,1348,77.432,1
D,1347,77.432,1
D,1346,77.432,1
D,1345,77.432,1
D,1344,77.432,1
D,1343,77.344,1
D,1342,77.080,1
D,1341,76.816,1
D,1340,76.729,1
D,1339,76.641,1
D,1338,76.641,1
D,1337,76.553,1
D,1336,76.289,1
D,1335,76.201,1
D,1334,76.201,1
D,1333,76.201,1
D,1332,76.201,1
D,1331,76.201,1
D,1330,76.201,1
D,1329,76.201,1
D,1328,75.938,1
D,1327,75.674,1
D,1326,75.410,1
D,1325,75.322,1
D,1324,75.322,1
D,1323,75.234,1
D,1322,75.059,1
D,1321,75.059,1
D,1320,75.146,1
D,1319,74.971,1
D,1318,74.795,1
D,1317,74.707,1
D,1316,74.707,1
D,1315,74.531,1
D,1314,74.531,1
D,1313,74.531,1
D,1312,74.531,1
D,1311,74.531,1
D,1310,74.355,1
D,1309,74.180,1
D,1308,74.004,1
D,1307,73.828,1
D,1306,73.828,1
D,1305,73.828,1
D,1304,73.828,1
D,1303,73.740,1
D,1302,73.652,1
D,1301,73.477,1
D,1300,73.477,1
D,1299,73.564,1
D,1298,73.477,1
D,1297,73.213,1
D,1296,73.213,1
D,1295,73.213,1
D,1294,73.125,1
D,1293,72.861,1
D,1292,72.773,1
D,1291,72.773,1
D,1290,72.686,1
D,1289,72.510,1
D,1288,72.510,1
D,1287,72.510,1
D,1286,72.510,1
D,1285,72.158,1
D,1284,71.895,1
D,1283,71.807,1
D,1282,71.807,1
D,1281,71.719,1
D,1280,71.543,1
D,1279,71.543,1
D,1278,71.631,1
D,1277,71.631,1
D,1276,71.543,1
D,1275,71.367,1
D,1274,71.191,1
D,1273,71.104,1
D,1272,71.104,1
D,1271,71.016,1
D,1270,70.752,1
D,1269,70.576,1
D,1268,70.488,1
D,1267,70.313,1
D,1266,70.313,1
D,1265,70.400,1
D,1264,70.400,1
D,1263,70.313,1
D,1262,70.137,1
D,1261,70.137,1
D,1260,70.225,1
D,1259,70.137,1
D,1258,69.873,1
D,1257,69.785,1
D,1256,69.697,1
D,1255,69.609,1
D,1254,69.434,1
D,1253,69.434,1
D,1252,69.434,1
D,1251,69.434,1
D,1250,69.346,1
D,1249,69.082,1
D,1248,68.906,1
D,1247,68.906,1
D,1246,68.730,1
D,1245,68.467,1
D,1244,68.467,1
D,1243,68.467,1
D,1242,68.467,1
D,1241,68.379,1
D,1240,68.115,1
D,1239,68.027,1
D,1238,68.027,1
D,1237,67.939,1
D,1236,67.764,1
D,1235,67.764,1
D,1234,67.764,1
D,1233,67.588,1
D,1232,67.324,1
D,1231,67.148,1
D,1230,67.061,1
D,1229,67.061,1
D,1228,66.973,1
D,1227,66.797,1
D,1226,66.797,1
D,1225,66.885,1
D,1224,66.797,1
D,1223,66.533,1
D,1222,66.357,1
D,1221,66.357,1
D,1220,66.357,1
D,1219,66.357,1
D,1218,66.357,1
D,1217,66.357,1
D,1216,66.270,1
D,1215,65.918,1
D,1214,65.830,1
D,1213,65.830,1
D,1212,65.918,1
D,1211,65.830,1
D,1210,65.654,1
D,1209,65.391,1
D,1208,65.391,1
D,1207,65.391,1
D,1206,65.303,1
D,1205,65.039,1
D,1204,65.039,1
D,1203,65.039,1
D,1202,64.775,1
D,1201,64.512,1
D,1200,64.424,1
D,1199,64.336,1
D,1198,64.248,1
D,1197,64.248,1
D,1196,64.248,1
D,1195,64.160,1
D,1194,63.809,1
D,1193,63.633,1
D,1192,63.457,1
D,1191,63.369,1
D,1190,63.281,1
D,1189,63.281,1
D,1188,63.281,1
D,1187,63.281,1
D,1186,63.105,1
D,1185,62.930,1
D,1184,63.018,1
D,1183,63.018,1
D,1182,62.930,1
D,1181,62.666,1
D,1180,62.578,1
D,1179,62.490,1
D,1178,62.490,1
D,1177,62.314,1
D,1176,62.139,1
D,1175,62.051,1
D,1174,62.051,1
D,1173,61.963,1
D,1172,61.787,1
D,1171,61.787,1
D,1170,61.787,1
D,1169,61.699,1
D,1168,61.523,1
D,1167,61.436,1
D,1166,61.348,1
D,1165,61.348,1
D,1164,61.084,1
D,1163,60.996,1
D,1162,60.908,1
D,1161,60.732,1
D,1160,60.557,1
D,1159,60.381,1
D,1158,60.381,1
D,1157,60.381,1
D,1156,60.117,1
D,1155,60.029,1
D,1154,60.029,1
D,1153,60.117,1
D,1152,60.029,1
D,1151,59.678,1
D,1150,59.502,1
D,1149,59.414,1
D,1148,59.414,1
D,1147,59.414,1
D,1146,59.326,1
D,1145,59.062,1
D,1144,59.062,1
D,1143,59.062,1
D,1142,59.062,1
D,1141,58.975,1
D,1140,58.799,1
D,1139,58.711,1
D,1138,58.535,1
D,1137,58.359,1
D,1136,58.096,1
D,1135,58.008,1
D,1134,58.096,1
D,1133,57.920,1
D,1132,57.744,1
D,1131,57.744,1
D,1130,57.744,1
D,1129,57.832,1
D,1128,57.744,1
D,1127,57.393,1
D,1126,57.217,1
D,1125,57.041,1
D,1124,56.953,1
D,1123,56.865,1
D,1122,56.865,1
D,1121,56.865,1
D,1120,56.865,1
D,1119,56.689,1
D,1118,56.514,1
D,1117,56.602,1
D,1116,56.602,1
D,1115,56.602,1
D,1114,56.514,1
D,1113,56.250,1
D,1112,56.074,1
D,1111,55.898,1
D,1110,55.811,1
D,1109,55.811,1
D,1108,55.898,1
D,1107,55.723,1
D,1106,55.459,1
D,1105,55.195,1
D,1104,55.107,1
D,1103,54.932,1
D,1102,54.756,1
D,1101,54.756,1
D,1100,54.668,1
D,1099,54.668,1
D,1098,54.580,1
D,1097,54.404,1
D,1096,54.404,1
D,1095,54.316,1
D,1094,54.141,1
D,1093,54.053,1
D,1092,54.053,1
D,1091,53.965,1
D,1090,53.789,1
D,1089,53.525,1
D,1088,53.437,1
D,1087,53.437,1
D,1086,53.437,1
D,1085,53.350,1
D,1084,53.086,1
D,1083,53.174,1
D,1082,53.174,1
D,1081,52.998,1
D,1080,52.734,1
D,1079,52.471,1
D,1078,52.471,1
D,1077,52.471,1
D,1076,52.383,1
D,1075,52.119,1
D,1074,52.119,1
D,1073,52.119,1
D,1072,52.031,1
D,1071,51.768,1
D,1070,51.592,1
D,1069,51.592,1
D,1068,51.416,1
D,1067,51.328,1
D,1066,51.328,1
D,1065,51.416,1
D,1064,51.240,1
D,1063,50.977,1
D,1062,50.889,1
D,1061,50.889,1
D,1060,50.801,1
D,1059,50.625,1
D,1058,50.537,1
D,1057,50.625,1
D,1056,50.449,1
D,1055,50.186,1
D,1054,50.186,1
D,1053,50.273,1
D,1052,50.361,1
D,1051,50.273,1
D,1050,50.273,1
D,1049,50.186,1
D,1048,49.922,1
D,1047,49.482,1
D,1046,49.395,1
D,1045,49.395,1
D,1044,49.395,1
D,1043,49.482,1
D,1042,49.395,1
D,1041,49.131,1
D,1040,48.867,1
D,1039,48.691,1
D,1038,48.691,1
D,1037,48.604,1
D,1036,48.428,1
D,1035,48.252,1
D,1034,48.252,1
D,1033,48.252,1
D,1032,48.164,1
D,1031,47.988,1
D,1030,47.900,1
D,1029,47.988,1
D,1028,47.900,1
D,1027,47.725,1
D,1026,47.549,1
D,1025,47.549,1
D,1024,47.549,1
D,1023,47.373,1
D,1022,47.109,1
D,1021,46.846,1
D,1020,46.758,1
D,1019,46.758,1
D,1018,46.670,1
D,1017,46.494,1
D,1016,46.318,1
D,1015,46.230,1
D,1014,46.230,1
D,1013,46.230,1
D,1012,46.318,1
D,1011,46.318,1
D,1010,46.230,1
D,1009,46.143,1
D,1008,45.879,1
D,1007,45.791,1
D,1006,45.791,1
D,1005,45.791,1
D,1004,45.703,1
D,1003,45.527,1
D,1002,45.352,1
D,1001,45.264,1
D,1000,45.088,1
D,999,44.912,1
D,998,44.824,1
D,997,44.736,1
D,996,44.648,1
D,995,44.561,1
D,994,44.648,1
D,993,44.648,1
D,992,44.473,1
D,991,44.209,1
D,990,43.945,1
D,989,43.682,1
D,988,43.418,1
D,987,43.154,1
D,986,42.979,1
D,985,42.979,1
D,984,42.979,1
D,983,42.979,1
D,982,42.979,1
D,981,42.979,1
D,980,42.979,1
D,979,42.803,1
D,978,42.627,1
D,977,42.451,1
D,976,42.451,1
D,975,42.451,1
D,974,42.539,1
D,973,42.539,1
D,972,42.451,1
D,971,42.451,1
D,970,42.275,1
D,969,42.012,1
D,968,41.836,1
D,967,41.660,1
D,966,41.396,1
D,965,41.309,1
D,964,41.309,1
D,963,41.309,1
D,962,41.309,1
D,961,41.309,1
D,960,41.309,1
D,959,41.045,1
D,958,40.781,1
D,957,40.693,1
D,956,40.693,1
D,955,40.605,1
D,954,40.605,1
D,953,40.605,1
D,952,40.605,1
D,951,40.605,1
D,950,40.518,1
D,949,40.078,1
D,948,39.814,1
D,947,39.639,1
D,946,39.639,1
D,945,39.639,1
D,944,39.639,1
D,943,39.639,1
D,942,39.551,1
D,941,39.375,1
D,940,39.199,1
D,939,39.111,1
D,938,39.111,1
D,937,39.199,1
D,936,39.199,1
D,935,39.199,1
D,934,39.199,1
D,933,38.936,1
D,932,38.584,1
D,931,38.320,1
D,930,38.232,1
D,929,38.145,1
D,928,37.969,1
D,927,37.793,1
D,926,37.705,1
D,925,37.705,1
D,924,37.705,1
D,923,37.793,1
D,922,37.705,1
D,921,37.793,1
D,920,37.529,1
D,919,37.266,1
D,918,37.002,1
D,917,36.826,1
D,916,36.562,1
D,915,36.299,1
D,914,36.299,1
D,913,36.299,1
D,912,36.299,1
D,911,36.299,1
D,910,36.299,1
D,909,36.299,1
D,908,36.211,1
D,907,35.947,1
D,906,35.771,1
D,905,35.859,1
D,904,35.859,1
D,903,35.684,1
D,902,35.508,1
D,901,35.332,1
D,900,35.332,1
D,899,35.244,1
D,898,35.068,1
D,897,34.893,1
D,896,34.893,1
D,895,34.893,1
D,894,34.893,1
D,893,34.805,1
D,892,34.541,1
D,891,34.365,1
D,890,34.365,1
D,889,34.365,1
D,888,34.189,1
D,887,34.014,1
D,886,33.750,1
D,885,33.750,1
D,884,33.750,1
D,883,33.750,1
D,882,33.750,1
D,881,33.750,1
D,880,33.750,1
D,879,33.574,1
D,878,33.311,1
D,877,33.047,1
D,876,32.871,1
D,875,32.783,1
D,874,32.783,1
D,873,32.783,1
D,872,32.783,1
D,871,32.607,1
D,870,32.432,1
D,869,32.256,1
D,868,32.080,1
D,867,32.080,1
D,866,32.080,1
D,865,31.816,1
D,864,31.641,1
D,863,31.553,1
D,862,31.553,1
D,861,31.465,1
D,860,31.289,1
D,859,31.289,1
D,858,31.289,1
D,857,31.289,1
D,856,31.025,1
D,855,30.937,1
D,854,30.850,1
D,853,30.674,1
D,852,30.498,1
D,851,30.410,1
D,850,30.410,1
D,849,30.322,1
D,848,30.322,1
D,847,30.410,1
D,846,30.410,1
D,845,30.234,1
D,844,30.059,1
D,843,29.795,1
D,842,29.795,1
D,841,29.707,1
D,840,29.531,1
D,839,29.443,1
D,838,29.443,1
D,837,29.443,1
D,836,29.443,1
D,835,29.443,1
D,834,29.443,1
D,833,29.355,1
D,832,29.092,1
D,831,28.740,1
D,830,28.477,1
D,829,28.301,1
D,828,28.301,1
D,827,28.301,1
D,826,28.301,1
D,825,28.213,1
D,824,27.949,1
D,823,27.861,1
D,822,27.773,1
D,821,27.773,1
D,820,27.773,1
D,819,27.773,1
D,818,27.773,1
D,817,27.510,1
D,816,27.246,1
D,815,27.246,1
D,814,27.070,1
D,813,26.895,1
D,812,26.895,1
D,811,26.895,1
D,810,26.807,1
D,809,26.631,1
D,808,26.543,1
D,807,26.631,1
D,806,26.455,1
D,805,26.191,1
D,804,26.104,1
D,803,26.191,1
D,802,26.191,1
D,801,26.016,1
D,800,25.840,1
D,799,25.928,1
D,798,25.928,1
D,797,25.928,1
D,796,25.752,1
D,795,25.664,1
D,794,25.664,1
D,793,25.488,1
D,792,25.225,1
D,791,25.049,1
D,790,25.049,1
D,789,24.961,1
D,788,24.785,1
D,787,24.785,1
D,786,24.785,1
D,785,24.609,1
D,784,24.434,1
D,783,24.521,1
D,782,24.521,1
D,781,24.434,1
D,780,24.258,1
D,779,24.258,1
D,778,24.258,1
D,777,24.170,1
D,776,23.818,1
D,775,23.555,1
D,774,23.555,1
D,773,23.555,1
D,772,23.379,1
D,771,23.115,1
D,770,22.852,1
D,769,22.676,1
D,768,22.588,1
D,767,22.676,1
D,766,22.676,1
D,765,22.588,1
D,764,22.500,1
D,763,22.412,1
D,762,22.412,1
D,761,22.412,1
D,760,22.412,1
D,759,22.236,1
D,758,22.061,1
D,757,21.885,1
D,756,21.885,1
D,755,21.885,1
D,754,21.709,1
D,753,21.709,1
D,752,21.709,1
D,751,21.533,1
D,750,21.357,1
D,749,21.094,1
D,748,21.006,1
D,747,21.006,1
D,746,21.006,1
D,745,21.006,1
D,744,21.006,1
D,743,20.918,1
D,742,20.742,1
D,741,20.479,1
D,740,20.479,1
D,739,20.303,1
D,738,20.215,1
D,737,20.215,1
D,736,20.303,1
D,735,20.215,1
D,734,19.951,1
D,733,19.775,1
D,732,19.775,1
D,731,19.775,1
D,730,19.775,1
D,729,19.512,1
D,728,19.248,1
D,727,18.984,1
D,726,18.809,1
D,725,18.896,1
D,724,18.896,1
D,723,18.633,1
D,722,18.457,1
D,721,18.369,1
D,720,18.369,1
D,719,18.369,1
D,718,18.369,1
D,717,18.369,1
D,716,18.369,1
D,715,18.105,1
D,714,17.930,1
D,713,17.842,1
D,712,17.930,1
D,711,17.754,1
D,710,17.578,1
D,709,17.402,1
D,708,17.314,1
D,707,17.139,1
D,706,16.963,1
D,705,16.963,1
D,704,16.963,1
D,703,16.787,1
D,702,16.611,1
D,701,16.436,1
D,700,16.436,1
D,699,16.523,1
D,698,16.523,1
D,697,16.523,1
D,696,16.523,1
D,695,16.260,1
D,694,15.996,1
D,693,15.645,1
D,692,15.557,1
D,691,15.469,1
D,690,15.293,1
D,689,15.205,1
D,688,15.117,1
D,687,15.029,1
D,686,15.117,1
D,685,15.117,1
D,684,15.117,1
D,683,15.029,1
D,682,14.678,1
D,681,14.590,1
D,680,14.590,1
D,679,14.678,1
D,678,14.678,1
D,677,14.678,1
D,676,14.678,1
D,675,14.326,1
D,674,13.975,1
D,673,13.799,1
D,672,13.711,1
D,671,13.711,1
D,670,13.711,1
D,669,13.711,1
D,668,13.711,1
D,667,13.623,1
D,666,13.447,1
D,665,13.359,1
D,664,13.359,1
D,663,13.271,1
D,662,13.096,1
D,661,12.832,1
D,660,12.656,1
D,659,12.480,1
D,658,12.305,1
D,657,12.217,1
D,656,12.217,1
D,655,12.217,1
D,654,12.217,1
D,653,12.041,1
D,652,11.865,1
D,651,11.777,1
D,650,11.777,1
D,649,11.865,1
D,648,11.865,1
D,647,11.777,1
D,646,11.602,1
D,645,11.338,1
D,644,11.162,1
D,643,11.074,1
D,642,10.986,1
D,641,10.811,1
D,640,10.723,1
D,639,10.635,1
D,638,10.635,1
D,637,10.547,1
D,636,10.371,1
D,635,10.195,1
D,634,10.107,1
D,633,10.107,1
D,632,10.107,1
D,631,10.107,1
D,630,10.107,1
D,629,10.107,1
D,628,9.932,1
D,627,9.668,1
D,626,9.492,1
D,625,9.404,1
D,624,9.229,1
D,623,9.053,1
D,622,8.965,1
D,621,8.965,1
D,620,8.877,1
D,619,8.701,1
D,618,8.701,1
D,617,8.701,1
D,616,8.701,1
D,615,8.525,1
D,614,8.262,1
D,613,8.262,1
D,612,8.262,1
D,611,8.086,1
D,610,7.734,1
D,609,7.646,1
D,608,7.646,1
D,607,7.559,1
D,606,7.559,1
D,605,7.559,1
D,604,7.559,1
D,603,7.383,1
D,602,7.119,1
D,601,7.031,1
D,600,7.031,1
D,599,6.943,1
D,598,6.943,1
D,597,6.943,1
D,596,6.855,1
D,595,6.504,1
D,594,6.240,1
D,593,5.977,1
D,592,5.977,1
D,591,5.977,1
D,590,5.977,1
D,589,5.977,1
D,588,5.977,1
D,587,5.977,1
D,586,5.801,1
D,585,5.625,1
D,584,5.361,1
D,583,5.186,1
D,582,5.098,1
D,581,5.010,1
D,580,5.010,1
D,579,5.098,1
D,578,4.922,1
D,577,4.746,1
D,576,4.658,1
D,575,4.570,1
D,574,4.395,1
D,573,4.219,1
D,572,4.131,1
D,571,4.131,1
D,570,3.955,1
D,569,3.779,1
D,568,3.779,1
D,567,3.779,1
D,566,3.691,1
D,565,3.516,1
D,564,3.164,1
D,563,2.988,1
D,562,2.900,1
D,561,2.900,1
D,560,2.900,1
D,559,2.900,1
D,558,2.900,1
D,557,2.813,1
D,556,2.549,1
D,555,2.373,1
D,554,2.461,1
D,553,2.461,1
D,552,2.461,1
D,551,2.461,1
D,550,2.461,1
D,549,2.461,1
D,548,2.197,1
D,547,1.934,1
D,546,1.670,1
D,545,1.494,1
D,544,1.494,1
D,543,1.494,1
D,542,1.494,1
D,541,1.494,1
D,540,1.318,1
D,539,1.143,1
D,538,1.055,1
D,537,1.143,1
D,536,0.967,1
D,535,0.703,1
D,534,0.439,1
D,533,0.264,1
D,532,0.088,1
D,531,-0.176,1
D,530,-0.352,1
D,529,-0.352,1
D,528,-0.352,1
D,527,-0.352,1
D,526,-0.352,1
D,525,-0.352,1
D,524,-0.439,1
D,523,-0.615,1
D,522,-0.879,1
D,521,-0.879,1
D,520,-0.879,1
D,519,-0.879,1
D,518,-1.055,1
D,517,-1.055,1
D,516,-1.055,1
D,515,-1.143,1
D,514,-1.406,1
D,513,-1.670,1
D,512,-1.758,1
D,511,-1.846,1
D,510,-1.846,1
D,509,-1.934,1
D,508,-1.934,1
D,507,-2.109,1
D,506,-2.285,1
D,505,-2.461,1
D,504,-2.725,1
D,503,-2.637,1
D,502,-2.637,1
D,501,-2.637,1
D,500,-2.637,1
